rating,review
10,"오늘 나의 해방일지 프리퀄인 범죄도시2를 보고왔습니다.
구씨가 왜 도랑을 뛰어넘고 옷위로 들어나는 뛰어난 피지컬을 가지고도 산포시에서 밭일과 싱크대 일을 하며 폐인처럼 술만 마시고 살게됐는지 잘 느껴지는 작품이었습니다.

보통깡패 아니었던거 같았는데 프리퀄에 다담계있네요ㅎ

많은 분들이 구씨의 프리퀄 꼭 감상하시고 드라마에 더 몰입하실 수 있었으면 합니다. 강추"
1,15세 영화라니. 정말 기가 막힙니다. 이제 수위가 사라졌나요. 사람은 보고 들은 것에 영향을 받습니다.  왜 이런 잔인한 영화를 즐기는지. 우리 인성이  심각할 정도로 병들어가고  있다는 증거입니다. 쾌락을 위해서는  괜찮다고요? 마음이  완악해지고 잔인해집니다. 폭력적 인간성이 내재하게 됩니다. 15세라니...
10,"오늘 봤는데, 액션과 유머가 적절히 섞인 재미난 영화 한편이었어요^^ 새로운 감독에 대한 걱정을 날렸고, 손석구의 찐악역 소화력에 감탄했네요~~ 강추입니다!  
""누가 5야~~?"" (보신 분들만 아실 포인트^^)"
3,"아무리  흥행을 위해서라지만 너무 잔인합니다. 왜 우리 한국 영화가 이리도 잔인하게 연출될까요. 재밌자고, 그냥 웃자고 한다  해도  정말 잔인합니다. 사람의 인성이 무섭게 파괴됩니다. 사회각종  범죄 그냥 그대로 입니다. 어느 순간 우린 이런 잔혹한 영화를 보는데도 무감각, 무덤덤 해져갑니다.  그 옛날 박한상군이 자기 부모 죽일때 영화를 보고 그대로 따라 했다하여 큰 충격을 주었는데...""악은 모양이라도 버려라"""
9,속편은 별로다는 선입견으로 별 기대 안하고 봤는데 전편만큼 재미있네요. 오락 영화로 만족
10,손석구님 연기가 장난아닙니다~~
10,오늘 봤는데..1편보다 훨 잼나~^
10,어랏 장이수 안죽었네
5,닭그네 쥐박이 능지처참 하고 싶어
10,구씨 과거를 알아버렸네~무서워. 해방일지에서는 순둥순둥한데 ㅎㅎ 주옥같은 대사가 여전하네요 버스타고 왔어~usb가 편해~ 그래서 누가 5야 등등 ㅋㅋ마형사 펀치나 발차기가 시원시원하고 날라다니네요 앞으로 남은 6편 기대합니다~~ㅎㅎ 손석구 뜰 배우다 진짜~~~
6,"미성년 자녀들과는 함께 보지않는게  좋겠음.
잔인함."
5,이거 15세 맞나요?
5,도끼질로 피범벅을 만들어 놓고 웃으라고? 넌 이게 웃기냐?
4,너무 잔혹합니다.  우리인생이 이런 영화로 쌓아간다면  심성이  어떨까요?
1,"정육점인가
 하 꼭 이렇게 잔인해야 하나 
이젠  잔인한거 보면서도  감각이  점점 둔해져 간다는것이다
그냥 사람하나 죽이는게.
 진짜 싫다"
10,말이  필요 없습니다. 걍  짜릿합니다.   직접보시고  판단하기 바랍니다.  앞으로  6편이 더 남았다니 너무 즐겁습니다.^^
1,"평점이 높은지 모르겠음.
1편과 오버랩 되는것도 많아 1편을 보는지 2편을 보는지 모르겠음.
장첸처럼 임팩트가없음.
마동석표 개그가 이번엔 통하지 않은거같음.
장면전환도 어설픈거같음."
10,"방금 시사회로 봤는데 1편  보다 더 재미나요^^
찐 재미~~"
9,"믿고 보는 마동석
믿고 보는 손석구
(나의 해방일지 프리퀄? 구씨의 과거)"
1,"장첸 만한 압도적인 캐릭터 없음.
잔인하고 내용도 ♩♬♪같고 그냥 삼류.
애들 데꼬 보는 무식 많아 생각 많은 날임."
10,"닥스보다 재미있었습니다
처음부터 끝까지 어색한거 하나도없을정도로 자연스럽고
좋았습니다
마동석 연기도 잘 녹아들었어요 보통 한국영화가 2만들면 망하는데  1편보다 재미있었어요. 기대하지않았는데 너무 좋았습니다"
8,강해상이  경기도 당미역  시골 마을로 들어가 숨었군.
1,역시 1편을 넘어설수가 없네....
10,진짜재밌어요  손석구 연기 진짜진짜 미쳤어요  진심 범죄자보는줄 ㅎ
10,"잘 만든 영화다.악역을 맡은 주인공 연기가 특히 훌륭하다.
맨손으로 칼에 맞서는 설정은 보기에는 시원하나 현실적은 그닥."
10,"영화를 보면서
금정역근처 유리회사  사장한테 괴롭힘당하던
스트레스가   풀리는 영화다~~~
마음속은 힘들지만..."
10,손석구 연기 짱!!  잔인한 내용이지만 재미있게 봤습니다 ~*
6,역시...장첸...1편이  너무강렬해서.. 그저그랬다
10,지금 보고 나오는 길인데 장첸이 하나도 생각나지 않았다. 강해상이 훨씬 더 악랄하다.
10,와우 진짜 재밌어요. 1편의 요소를 다 담고도 코믹까지 많이 추가 했어요~완전 강추입니다. 스트레스 확 날렸네요. 감사해요.
10,재미있게 잘봄. 시간 순삭
6,1편이 훨씬 잼나고 스토리 구성 훨 뛰어남 2편은 뭔가 부족하고 어수선한 스토리 전개 좀 황당
4,그냥 그랬어요
10,"오랜만에 재미있는 영화 나왔네요
1편을 너무 재미있게 봐서 전작을 보통 시리즈 영화들이 뛰어넘진 않아서 킬링타임 용으로 볼려고 했는데 1편보다 재미있네요
역대급입니다
1편처럼 잔인하고 액션이 많은데 코믹을 더 첨가한 느낌이네요"
10,프리미어관람했는데 재미있습니다.
7,장첸을 뛰어넘는 악역을 만드냐 못만드냐에 성패가 갈릴듯
7,"1편보다 낫다길래 기대하고 봤는데
난 별로..ㅠㅠ
1편이 훨훨 나음.

너무 기대하고 보진 마세요
그냥 코로나땜에 극장공기 한번 맡으러 간다 생가하심되여"
10,진짜 개쩝니다
10,"하~ 시원하다~
코로나로 지긋지긋했는데 말야.."
5,형만한 아우  없다는 것을 알게 됐습니다!
10,"구씨 겁나 무섭
임팩트 있는 대사 없어 아쉽"
3,제발 좀 19금로 설정해주세요
10,손석구 역시다~~^^
10,전편보다 스케일도 커지고 이야기 전개도 훨씬 탄탄하게 엮여서 움직이니 시간 순삭이였음!! 잔인하긴하지만 빵빵터지는 코믹과 속시원한 액션으로 카타르시스를 주는 최고영화!!
10,장첸만큼의 악역은 없지만 액션씬에서 동석이형  한방한방 칠때마다   시원시원 합니다 .
2,1편은 좀 잔인했어도 정말 잼있게봤는데 이건....비추...
1,"최악이다
돈아깝다"
1,"이게 왜 15세 이상이고?? 진짜 어이가없네 ㅉ
그리고 뭐가 재밋노?? 칼휘두르고 죽이고 잘리고 쌩쑈 하는 영화지.
어거지 스토리에 말도안되는 전개 ㅉㅉㅉㅉ역시 후속편은 보는게 아님.
절대 비추!!"
5,"전편보다 못함
너무 큰 기대는 하지 말것
잔혹한 싸움만이.ㅋㅋ"
6,"저렴한 한국판 마블 판타지영화.. 
전편의 하드보일드한 분위기는 사라지고.. 잔인함과 황당함 그리고 분위기 깨는 코미디만 난무함.. 
칼을 몇번 맞았는데 바로 쾌유하는 회복력까지.. 
이 영화보고 칼든 사람 우습게 보고 덤빌까 무서움.."
4,"방금보고 나왔는데 잔인하기만하고 재미도 웃음도 즐거움도 1편보다 많이 못한 거  같네요
기대이하임"
10,범죄도시2  기대된다^^
1,속았다
1,너무 기대하고 갔나부다 너무 잔인하고 유머도 그저 그렇고 마동석은 천하무적 해결사 마동석을위한 마동석에 의한 판타지물
4,"봤는데 글쎄다, . 장첸만 뭔가 어른거릴뿐"
1,이게 15세 관람가라뇨.. 아무리 흥행도 좋지만..  19세 관람가에요
10,"18일 9시 30분에 와이프랑 보고 왔는데 재밌어요.
다만, 15세 관람가라고 하기엔 너무 잔인합니다.
장첸의 악랄함을 어떻게 지울까 기대했는데.... 강해상 이놈은 더 나쁜 놈이네요 ㅎㅎ
정말 재밌게 봐서 3편도 얼른 나왔으면 합니다.
역시..... 마동석이 브랜드답네요."
10,진짜진짜진짜 재밌음!! 2시간 순삭! 오늘 도화 cgv에서 신랑이랑 어머님이랑 봤는데 셋다 웃느라 정신없었음~ 솔직히 15세 치고 잔인하긴 한데 백퍼 천만 넘을듯!! 정식 개봉하면 또 볼거임~~  참고로 마석도 형사가 길가메시보다 쎔!!!! ㅋㅋㅋㅋㅋ
1,"유행 지난 액션 스타일이고
잔혹하고 
액션도 중간 중간 엉성한게 보이고
스토리도 약간 어거지로 맞추고, 뻔한 스토리....
외국에서 이런 영화 들어 왔다고 하면 욕하면서 안볼 순위 1위임...
오직 마동석 하나만 보고 영화를 만들었다...이게 끝.....
만약 외국 영화 보다가 이거 보니 ... 그냥 다소 비디오로 볼 수준이지... 영화 수준은 아닐정도임."
10,"마블리 구라쳤슴....
벨 안눌렀는뎅......내린다고 안했는뎅.....
왜 하차시킨겨......마블리 구라쟁이..."
1,별로
1,"제발 이런 영화는 만들지 말고...마동석 주먹질 영화외에는 안되는것이냐?
아..정말 저질 천만은...어떻게 된거야???"
5,1편 보다 별로..
7,"감독이 바껴서 그런가...
1편 보다 재미는 조금 덜하지만
장이수, 휘발유도 반갑고
박지영이 의외로 멋짐ㅎ."
5,"볼영화없고 코로나풀려서 타이밍 좋았지 천만짜리는아님 1편보다 약함..
마동석은 무슨 이터널스 때보다 더쌤?"
9,배꼽 잡았네요 액션도 좋고 스토리전개도 좋아요 연기력  좋아요
10,등장인물 보는순간 손석구 나쁜놈이네. 장첸보다 더 잘어울릴수도 있겠다. 왠지 사람죽이고도 실실 웃을것같은..
2,범죄  1때 웃음코드를  우려 먹었고.. 스토리가 자연스럽지  못해고  억지웃음을  유발하려고..    여하튼   입 소문에  속았다
4,내가 이상한건가.. 정말 재미없던데..
10,"재밌어요
예상되는 내용인데도 웃기고 재밌어요
몇년만에 사람 꽉찬 극장이  본건지?
이 영화 히트 치겠어요^^"
9,"군더더기 없고 깔끔하게 막 줘패고 웃기고 억지스럽지 않게 재미있음
전편을 봤으면 더 재미있을 거고 안봤어도 재미있게 볼 수 있음
오로지 통쾌하고 심플하게 웃겨주고 카타르시스를 느끼게 해주겠다 그렇게 마음 먹었나봐.
가볍게 웃으면서 볼만합니다. 
다만 장첸의 이미지나 연기가 뛰어나서 그런지 손석구가 연기한 악역의 임팩트는 덜하다고 느낌이지만
(어디까지나 개인적인 의견) 주조연의 케미가 워낙 좋아서 괜찮습니다. 
잘 생긴 주인공도 아니고 여자도 (거의) 안나오고 로맨스, 막장도 없으면서
뚝심있게 마동석의 맨주먹 액션만으로 만들어낸 괜찮은 범죄오락영화
오랜만에 영화관 가서 본 영환데 아깝지 않았어요. 추천!!!"
10,"나의 해방일지 손석구 팬으로서 윤계상보다는 약하지만(윤계상이 센거)
전체적으로 쉴 틈없이 몰입감있고 재밌는 영화임"
2,"평점 조절용 점수
그냥 킬링타임 이상도 이하도 아닌 쏘쏘"
6,"부모님과 보기에는 잔인해서... 칼쓰는게  일상임...
현직형사들도 칼든 범죄자는 다루기 힘듦"
9,"역쉬 마동석!
손석구의 또다른 모습
1편보다 더 재미나네요."
8,개인적으로 범죄도시1이 더 섬뜩했음
10,"1보다 너무 재미 있게 봣어요.
강추임돠"
10,"장첸은 잊어라.
더 악독한 강해상이 떴다.
마동석만의  유일무이 초강력 캐릭터."
10,"오늘보고 왔슴다
정말 잼있습니다 
장챈 나옵니다  내 누긴주 아니 ㅎㅎ
리얼스포 
정말 잼있습니다"
3,"장첸이 눈빛과 억양(목소리), 분위기로 공포를 줬다면, 강해상은 그냥 잔혹함으로만 공포를 주려는 느낌.

확실히 장첸의 카리스마를 못따라가고. 마동석은 깡패 소굴이든 경찰서장 앞에서든, 심지어 연장 앞에서도 그냥 천하무적 ㅋ 악당이 뜬금없이 혈혈단신으로 한국으로 오는 무모함 등 스토리 전개도 어이없고.. 잔인함으로 빈약한 스토리를 보완하려는 느낌이 듭니다. 

개인적으로 역시 1탄만한 2탄 없네요."
4,글쎄   큰 기대를 해선가  오늘 보고 왔는데 1편보다  훨  재미없게 봤습니다
4,액션장면만 전편을 능가한다.  뭔가 반전이 있을 법한 느낌만 주다가 평범하게 마무리.  15세관란가치고는 좀 수위가 높다.
1,ㅋㅋ
10,"역시 마동석 시원시원한 액션~~
USB~"
10,"영화 끝나고 온몸에 근육통 ㅠㅠ
손석구 완전 대박!!!
모든 캐릭터 소화 가능한 배우~"
10,"손석구 배우 악연인데도 밉지가 않네.. 멋져요.. 재밌게 잘 봤어욤..
1편못지 앓게 잼 있어요..^^"
10,시간가는줄 몰라요 잼나요
10,전편보다 재미있는 속편이라!!!!  ㅎㅎ강추!!!
7,이정도면 돈안아까움
10,구씨의 또다른 모습을 볼 수 있다.
7,솔직히  조연들이 1편의 조연들처럼 강렬한 인상을 남기지 못해 아쉬웠고  강해상 보다는 장첸이 더 입체적이고  무서운거 같음 그래도 액션은 볼만함  장첸이 그리워 지는영화
10,"마형(사)만 있으면 오께이
하도 폭주해서 긴장하면 시원하게 해결
영화 초대박 나겠다  3편도 기대된다"
1,"이런 쓰레기 영화도 댓글 알바, 평점 알바 동원해서 얼마든지 1200만 영화로 사기칠 수 있다는 교훈을 주는 사례.
지금도 온갖 사이트 돌아다니며 범죄도시2 욕하는 사람 있으면 우르르 달려가 반대 폭탄질로 묻어 버리는 희대의 쓰레기집단이 만든 쓰레기 영화.
관람료도 1.5만원으로 올려 해외 손실분 메꾸려고 수작부리는데, 이제 영화관 가는 일은 내 일생에 없으리라고 장담한다."
1,초반은 재밌게 봤는데 후반 갈수록  무리수네 무리수 시작이 회장이랑 엘베 탄거고. 그 이후는 다 무리수네 경찰이 없어도 쇼핑몰인지 백화점인지 거기서 칼부림 하려는게 돈 가지고 튈 놈들이 할짓이냐? 이런게 천만이라니 1편은 양반이네
1,"주변에서 하도 재밌다고 해서 기대가 너무 컸나봐요
마동석 액션은 식상하고 악역도 장첸이 한수 위였어요"
10,"1편보다  더  가볍고 더 유쾌한~~
가볍게 즐기기에 딱인 영화.
또 보러 가고 싶다."
10,손석구씨 멋있어요
10,쓰레기 조폭영화라고 하는 사람들은 그냥 로맨스영화 보러가세요. 말같지도 않은 소리하지말고 ㅋㅋㅋ 유교탈레반인가
10,1편 보거 더 잼나요! 장이수 최고!
4,"역시 본편보다 나은 속편은  없다
퀄리티가 확 떨어진다 범죄와의 전쟁은 역시 장첸미만 잡"
1,아 …
1,전작 1편은 9점  2편은 6점
10,1편보다 재밌네요
1,권선징악을 가장한 잔인하고 불편한 영화좀 그만 만들어라
1,장난하냐 플롯 개판이고 긴장감 제론데 이게 평점이 이리 높다고??? 연기도 1편에 비해서 다들 어색하고 스토리 사방으로 튀고 옛날 연속극 아지매 갑자기 나오시고 아휴.... 아무리 요즘 돌구 좋아서 자지러 지는 것들 많다지만  아휴 ㅋㅋㅋㅋㅋ 걍 실소만 터지더라 ㅋㅋㅋㅋㅋ
2,잔인ㅠ
10,하나는 산포로 보내고 ~ 하나는 제주로 보내고 ~
10,"범죄도시2 넘넘 기대돼요~
손석구가 나와서 더더더더더!!!
언제 개봉하나용~~~!!
근데 감독이 1편과 틀리다구요?
그건좀 심히 걱정되네...ㅠㅜ"
9,기대하고 봤는데 1편보다.잼있었음ㅋㅋㅌㅌㅋ
4,"억지스런 농담,개연성없는 스토리 -특히 장이수를 운전시키기 위해 펼친 범인이 얼굴알아본다는 어처구니 없는 논리란... 전국에 금천경찰서 강력계만 형사가 있나??
되도 않는 서장 등장씬도 그렇고...
전형적인 속편이 재미었는 것을 답습했음.
좋았던 점이라면 액션씬 정도???
1편의 흥행 요소를 답습하려다보니 억지스런 구성이 너무 많았음.
코로나로 인한 새영화에 대한 갈망이 만든 히트란 생각이 듦.
평시였다면 혹평이 많았을 듯함."
8,오늘 시사회로 봤는데 빵빵 터져요
10,오랜만에 아무 생각없이 볼만한 영화.
7,"1편에 비해 극본이나 등장인물이 단조롭고 긴장감, 흡입력이 부족함.
손석구도 그닥 어울리는 건 아닌데 나의 해방일지 혜택을 톡톡히 봄.
코미디 영화로 본다면 그럭저럭 재미있음."
5,역시 1편 생각하고 기대하면 안되네
10,존잼
1,1편의 10%
2,"이게 재밌냐.
미스터 Zoo; 사라진 VIP, 오케이 마담 하고 삐까삐까한 수준의 유치한 대사와 어거지 상황.
참 유치한 것들."
1,"어휴;;;
잔혹성에 할 말을 잃게 한다.
칼로 썰기 찌르기
이걸 정말 아무렇지 않게 만들고 보고 그래도 되나 싶네"
8,"통쾌하고 단순하며 재미는 있다.
강해상은 매우 단편적인 감정이 잔인한 반면 장첸은 좀 더 다양한 감정과 반응들이 있었다고 느껴선지 빌런으로서는 장첸이 우위에 있다고 느낌.
1편을 의식해서인지 대사들이 약간의 오버가 있었고 마석도 캐릭터 이외엔 1편보다 매력적인 캐릭터가 없는 듯해서 아쉽다. 
다음 빌런은 힘으로 붙어볼만한 캐릭터가 되었으면 하는 바램"
10,"재미있게 시원하게 보고 왔네요
강력 추천합니다."
5,"어떻게 이게   15세 관람가인가요....  영등위 제정신 입니까
아무리 코로나에 매출회복하겠다고  그렇지   메이저  상업을
이런 식으로  안그래도 한국영화 불필요 하게 잔인하다고
말하는데   메이저 상업 영화아닌   비급  살인물  같아요
벙죄도시2,  닥터스트레인지 2만 상영되서  선택권도
없었습니다."
1,"왜 
?"
7,"국밥에 고기는 많지만 .. 간이안되서 싱거운 맛.
이 말은 ..
액션은 전편보다 많지만 .. 상영시간이 짧아 각본과 짜임새가 약간부족해  속전속결한 아쉬움.
관객들이 예상했던 장첸의 카리스마는 기대못함.
하지만 전체적으로의 웃음과 액션은 기대하셔도 됨.
."
6,"오락영화로 즐겁게 잘 봤고 확실히 1편이 잘만들긴 했음
영화 구조가 많이 단순하고..그래도 재밌게 잘 봤습니다"
9,마블 환타지공포물 보다 백배 낫다.. 시원시원하고 웃기고 재밌네
1,2편이 1편보다 성공한 이유는 영화가 더 재밌어서가 아니라 코로나 터지고 제대로 극장 구경도 못하다가 딱 풀린시기에 경쟁작이 변변찮아서 였을뿐이다 평시였으면 절대 1편보다 흥행못했어
2,뭘 이런걸 극장에서 천만이나보냐 ㅋㅋㅋ
1,1편만 못하네~~
1,"범죄도시 1편을  보고나서 , 큰 기대감을 갖고 범죄도시 2편을 볼려고 하는  분들 ...실망 많이 하게 될겁니다 . 감독의  역할이 이리도 중한것을 ...
관객수 1300만 ..지나가던 강아지도 웃을 일이네요"
9,"1편보다 스토리는 살짝 느슨하고 손석구 캐릭터도
입체적이지는 않았지만 그럼에도 불구하고 시원시원한
액션과 자주 터지는 시원한 액션에 시간 가는줄 모른다."
10,너무 재밌게 잘 봤습니다. 보통1편이 흥행하는 영화는 2편이 잘될수 있을까 하는 편견아닌 편견을 가지게 됩니다. 모든 연기자분들 고생하셨습니다. 손석구님 악역 장첸을 넘었네요. 흥행하시길 바랍니다.
2,"너무 잔인한 영화
이런영화에  열광하는 것   이상하네요 
괜히 봤어ㅠ
가끔 눈가리고 . 집에 가고 싶었음
구씨  나온다해서 봤는데 이건 보는게 아님"
3,"잔인하지않다고  말하면 이상한거다
잔인한건  잔인한거다   
무뎌진거라면 그게  큰일인데  감독은
영향력을 행사하는 사람인데
이게무슨 악영향 
감독 정신차려랴  !!!"
1,"걍 티브이 나오면 봐라  이딴 영화가 2 나올껀덕지나 되냐?

한국말도 제대로 못하는 미국놈 빨아대기는 ㅉㅉ"
8,"1편보다 재밌진 않음
그래도 볼만함"
10,진짜 재밌음. 1편보다 재밌음.
1,부모들이 애들을 데리고 이런 것을 본다. 한심. 진짜 이게 웃기냐? 재미져? 잔인할수록 즐거운가봐? 손석구씨의 재발견은 맞네. 눈이 낮네.
6,"솔직히  실망 입니다  마동석형님 만 강하게...
신참은 빛도못보고...갈수록 썰렁
다소실감있게 잘했지만   너무 잔인하고 섬득까지됐지만
1탄보다 못하네요"
10,최고임 말이 필요 없다.
10,오늘보고왔는데 찐으로 잼있었습니다.
1,"이게 정말 재밌었나요?

내인생의 최악의 영화 였습니다.

볼껀 마동석  1타1피뿐. 이것마저 아깝다."
5,"1 편은

액션에 코믹을 섞었는데 ~

2 편은

코믹에 액션을 섞었습니다 ~

잔인한 범죄 장면들이

많이 나와서

15 세 관람이 아닌거 같습니다 !"
5,"재밌든???
너무 나갔더라~~"
10,오늘 보고 왔는데 잼있게 봤습니다
6,"평점거품이 너무 심합니다. 천만찍을만한 영화가 아니에요. 그냥 평범한 작품. 1편보다 훨씬 재미없고, 그넘의 ""타격감"" 보여줄려고 만든 영화입니다. 잔인한 자극적인 장면들이 많이 있으니 애들이나 부모님과 관람하기에도 부적합 합니다. 그렇다고 액션이 볼만한가 하면 그런 것도 아니고요. 그냥 평범한 한국 오락영화. 지금 바이럴이 엄청나게 동원된거같아요. 비추."
5,수준하고는
8,"15세는 진짜 아님 
청불해야함
잔인함"
6,"재밌게는 봤는데 스토리 구성, 긴장감이
1편 보다 못하다."
10,속이 시원하게 봤네요. 손석구 넘 짱....
10,"역시, 구씨의 효과를 톡톡히 본 듯.
촬영, 액션, 코믹 .
별생각없이 한바탕 크게 웃으면서 시원하게 보고 왔어요~"
6,"살인장면 혐오적 폭력 액션이 주를 이루고 스토리는 실망 수준 시간 떼우는 정도의 영화 범죄도시 1 편은 폭력적이라도 스토리 라인이 살아 있었는데 이번 2 편은 그냥 마동석 액션 위주로 스토리가 짜여진 수준 손석구는 1편 장첸 아류 느낌이고 그 이상은 못 된 느낌 그리고 영화 황해 느낌이 많이 났고 색다른 스토리의 맛은 없음 그저 2 편은 어떨까...? 하다 보고... 1 편만 못하고 마동석을 위한 액션 영화 수준이구나 정도... 흥행에 비해 스토리 수준은 낙제점 영화 종료 후 남는 건 그냥 시원한 마동석 주먹질과 잔인한 칼 부림 그리고 시간 떼운 느낌
작품에 대한 친구들과 평할 정도도 못 되고 명작 느낌도 없음
1 편은 잔인 했었도 굉장히 신선한 느낌이였는데 추천도 할 만큼
2 편은 그저 아류작 못벗음"
5,방금 영화관에서 보고 왔습니다. 음……
7,"액션영화로는 좋음
초반연기와 화면은 뭔가 어색함
손석구연기가 제일 좋음
손석구와 마동석의 액션은 훌륭.

그런데 영화의 절반이 피가낭자할정도로
칼부림이 심한데

왜 15세인지 의문인영화"
5,손석구를 아끼는 사람으로서 영화를 잘못 선택했다는 느낌이....
10,"너무재미있게봤다.
하지만 시작하자마자 잔인한게나오는데
15세관람이라는게 적절한가싶다.
청불이었어야하는게아닌가싶다"
8,우리나라 제대로 된 시리즈물 탄생한듯 .. 1편보다 더 속이 뻥 뚫림 ㅋㅋ 범죄도시 컨셉 잘 잡았음..
1,"이런  질떨어지는 감정없이 사람 죽이는 손석구 연기가 좋다고?
다들 제정신인지 ㅋ
손석구 야
연기좀배워"
1,이런 영화는 이제 그만...
2,내가 이상한가! 사람들 평이 이렇게 좋다니. 난 좀 실망했다. 배우들 연기는 좋다. 하지만 전편 처럼 임팩트는 없다. 관람등급이 낮아져서(15세이상) 인지 잔인하긴 하지만 액션도 전편에 비해 약하다. 코믹적인 인물로는 박지환 배우밖에 없어 코믹도 전편보다 못하다. 손석구의 연기도 좋긴 하지만 장첸만큼의 압도적인 카리스마가 느껴지지 않는다. 응원했지만 보는 내내 아쉬움이 많이 느껴졌다.
2,애들이 보고 배울까 무섭네
1,몇년만의 평점이냐? 그보다 마동석 왜 니가 성룡이야? 지혼자 북치고 장구치고? ㅋㅋ
1,no review
7,"?나의 해방일지?의 손석구 때문에 보고 옴. 
마동석의 액션은 여전히 통쾌하지만, 대본 곳곳 촌스럽게 웃긴 구석은 어쩔 수 없는지. 
1편이 대박쳤어도, 2편의 성공가도는 구씨 캐릭이 한 몫 했음. 
강해상 나쁜 놈인데, 구씨 때문인지 자꾸 강해상 자꾸 편을 들게 되네!"
10,천만 가뿐히 넘을 듯
6,"그냥 1편을 복제한 느낌..
1편은 그나마 여러 캐릭터들이 받쳐줬는데
2편은 강해상 장이수 말고는 딱히 없음"
9,"요즘 추앙받는 구씨의 과거 ㅋ 잘봤고요
어설프게 웃기려는 한국영화들 보면 오히려 안 웃긴데
마동석씨는 은근히 표정변화없이 사람 웃기게 만들고
액션도 괜찮아요
재미로 볼만합니다"
10,"시원시원해서 좋았다.
스트레스를 한 방에 날려줘서 고맙습니다."
10,no review
4,"왜 한국영화는 각종 음향 크기는 10인데 정작 중요한 말소리는 3인가요?
웅얼웅얼 대는 소리 진짜 지겹지도 않나?
돈만 쳐벌 생각히자말고 음향기기좀 수입하던가 개발하던가 하세요.
진짜 
가까운 일본이나 헐리웃 영화랑 비교하면 한국 음향기기들 수준 진짜 쓰레기네"
4,"영화는 초반 5~10분이 중요합니다..여기서 관객을 사로 잡지 못할지라도 최소한 실망감을 주면 안되는데
이 영화는 실망을 줍니다..범죄도시1편은 초반 부터 강한 임팩트 보여주며 끝까지 몰입감을 잃지 않았는데..
2는 1편 오프닝을 오마쥬 하면서 진행되지만 1편보다 형편없는 시작을 하고 이후 5분 10분간
인물들간 만담 비슷한 극전개가 이어지는데 연기력,대사 다 어색하고 연출도 형편없습니다..

범죄도시란 제목에 어울리지 않는 무게감 떨어지는 오프닝에 맥이 빠졌고..
감독은 전작에 명성에 기대지 말고 조금 더 창의성있는 영화 연출을 하기를 바랍니다."
2,솔직이 1편이 낳다.
5,1편 보다 못하네요.
2,"베트남 상영금지처분
이해가 가네
이런게천만이라니ㅠㅠ"
5,"항상 곁에서 드립 재밌었다고 말해줘야하는
내 친구 민수같은 영화"
1,"구역질나는 쓰레기들의 집합체
돈과 폭력의 썩어빠진 자본주의 시스템 
그 근간을 그나마  보여주는 영화 ㅠㅠ"
5,"주연 마동석
액션 마동석
쟝르 마동석
개그 마동석: ""누가 5야"""
8,"마동석의 매력을 그대로 보여주는 영화
초중반엔 식상하지만 
후반부는 액션을 제대로 살린다
머리보다 가슴을 시원하게 해주는 영화"
6,진선규랑  윤계상  나와야  잼잇는데
1,"알바들 풀었나. 평점이 왜 이러지.
솔직히 500만도 버거운 영화네요.
그냥  나중에 넷플로 볼껄"
1,"씨나리오  참 후줄근
작정하고 잔인.
싸구려
내 돈 내놔"
1,적당히 좀 빨자!
6,"전편보다 재미있는 속편은 별로 없지. 줄거리도 단순하고, 손석구는 그냥 악역일 뿐 장첸, 진선규만큼 카리스마를 못 주는 게 솔직한 평이다."
6,"재미는 있었으나 너무잔인해서 1점 뺌?
아들딸이랑 안보기잘함
글고 본후 남는게ㅣ없어 1점 또뺌"
1,명작 범죄도시1의 자격지심이랄까.. 보는 내내 개그콘서트의 한 코너처럼 코너의 흥행요소(범죄도시1)를 짜맞추느라 감독의 고군분투가 엿보였다. 또한 빌런 둘은 혹시 영화가 범죄도시1의 빌런들처럼 뜰수있을까하는 욕심이 연기를 뚫고 보이는건 나뿐이였을까..
1,1점 주기도 아깝다
1,진짜 재미없던데 이 평점들 뭐지....
2,"역시 전편을 넘는 영화는  없음
어깨  힘들어가면서  식상해짐"
3,평점 직업반이 많네요
8,"액션 범죄 영화인데 웃기고 1편보다 잼있음
아쉬운 건 손석구 악역은 잔인한 칼부림에도 불구하고 
윤계상의 장첸보다 약한 듯.."
10,감사합니다    기대만빵입니다~^^
1,"이런영화가1천2백만영화라니....에휴 한국관객들 수준들하고는....

알바들이 평점 매겼냐?내눈엔 마녀2가 훨씬 더 잼있더라~"
1,꼭 100 번 보길 바란다.
10,뭐 말이 필요없다 정말 통쾌하고 확실한 쾌감을 선사한다 시리즈물이라니 벌써 3편이 기대된다
7,1편에 비헤서 많이 아쉬운 ~~~짜릿하고 긴장감이  약간 아쉬운
9,"손 석구 표정연기 완정 짱입니다.
박 지영 케스팅 굿~~~!"
10,쫀잼이에여
5,전편에 비해 많이 떨어짐
9,"손석구의 연기가 넘 눈에 띄는 영화네요
재밓게 봤어요"
10,범죄도시2 보고와서 해방 찾아봤어요. 손석구씨 팬 됐네요.
10,"장첸을 뛰어넘어야 한다~ 당위성이 있어야한다~ 
이런 해설들에 저는 그닥 
음... 범죄자는 범죄자일 뿐 
지나친 감정 이입으로 정당화하고 공감되게 하는것 보다
 딱 있는 그대로 보고 
오락영화로서 재미있고 
저런 경찰님 10분만 계셨으면 좋겠다♡ 하는 , 
우리 구씨  과하지않게  딱 강해상,
응어리지지 않는 통쾌한 작품 

잔혹하지만 정의가 우스워지지 않게 만들어 주셔서 감사합니다~"
10,"구씨 땜에 보고왔음 ㅋ
 마동석특유의  파워풀하고 시원한 액션  
중간중간 나오는재미   
악당이된  구씨의  연기를 감상하며   만족~"
7,1편보다 뛰어난지는 모르겠고.. 액션이나 배우들 연기는 좋았습니다. 근데 코믹한 장면이나 멘트는 한국 영화 특유의 유치함이 많이 느껴져서 그런 장면에서는 웃음이 안 나왔습니다.
10,"진짜 대박 재밌음. 개인적으로는 1편보다 나은 2편이 나온것 같아요.  손석구의 잔인함에 눈을 감으며 보다가도 박장대소를 만들게 하는 마동석의 위트와 사이다 액션이 절묘하게 잘 어우러져 있는 뭐랄까,, 피가 난자한 영화를 봤음에도 끝나고 영화관을 아주 유쾌하게 나올수 있는 마성의 영화."
10,"지금 보고나왔는데 시간 가는줄 모르게 재밌네요
흥행하겠어요~~~~"
10,겁나 재미있었음
6,아무리 영화라지만 당하는 사람이 너무 답답하고 가해자는 너무 강하게 묘사.. 그게 몰입을 방해.. 화장실에 살인마가 들어갔는데 문고리를 잡고 슬슬 열면 나 잡아가시오 아닙니까? 납치된 사람이 감금되어 있는 곳에서는 총이라도 빼들고 경계를 하셔야죠. 혼자 가서 너무 안심하는거 아님? 우리나라 경찰은 범죄자가 도끼들고 날뛰는데 총은 어디가고 삼단봉 들고 춤추다가 깨갱합니까? 아무리 영화로 보려고 해도 너무 유치할 정도로 심해서 몰입이 안되네요. 킬링타임 B급영화 정도인데 1200만은 과분한 성공~
1,ㅈㄴ신기하내요...이딴게 1200만?ㅋㅋ악역도 악인같지도않고...그리고ㅈㄴ 진지하지못했어요...너무 평범함...쌍판대기 ㅈㄴ 드러운것들만 캐스팅하셨어야죠...이건 그냥 타임킬링용?ㅋㅋㅋㅈㄴ잔인하게 했어야죠...누가보면 1인 뛰어주기로 밖에 안보입니다?ㅋㅋㅋ이딴게 1200만? 완전 호구ㅅㅎ들이내ㅋㅋㅋ수위를 ㅈㄴ높혀 ㅋㅋㅋ
7,시간때우기 정도
10,"음문석을 못 알아봤네.. 
갑자기 두 형제가 나타나서 그냥 단역인가 했는데, 연기 너무 잘한다는 생각이 들더구만.."
8,"110분으로 시간가는줄 모르게 봤습니더.. 
근데마.. 재미있긴 재미있는데 너무 잔인합니더..."
8,재미는 있었지만 전편보다는..흠.. 15세 관람가는 좋은데 소리로 액션을 때우려니 뭔가 섭섭하고.. 조연들의 캐미가 약했다. 그래도 나쁘진 않았음
8,"너무 큰 기대를 했는지 마동석 파워가 더 쌔진거 빼고는 전편이 좀더 구성도 그렇고 더 재미있음
이것도 나름 재미는 있는데 2% 부족"
9,"메인은 박지환.  1보다는 약하지만, 수작은 수작임."
8,오로지..구씨 보려고 갔다..솔직히 1편이 구성적으로는 촘촘하고  더 재미있음. 아무래도 장첸3인방의 시너지를  무시못함. 그러나..살 10kg 찌운 구씨는 여전히 섹시하고 멋지다. 상의 탈의 장면 하나로.대만족....내가 미쳤지...ㅜ ㅜ
7,신차 출시 됐다고 시승하러 가봤는데 기존차 페이스리프트 된 느낌......
10,좀전에 보고 왔음.  지난번 영화 봄날 보고 기분 완전히 망쳤었는데 오늘 범죄도시 2보고 다 풀렸음.  역시 시원한 영화
8,3편은 지능형 범죄자를 세우는 것도 좋을 듯. 점점 더 피지컬로 밀기엔 손석구가 너무 셈..ㅎㅎ
10,"1편보다 훨 재밌음 완전 웃김
또 보고싶네ㅋㅋㅋ
한가지 아쉬움은 벨을 눌렀더라면
더 웃겼을텐데... ㅠ 그럼 완전 대박인데~~~~"
10,"오전중에 보고왔어요. 감독입봉장이라해서 
혹여 산으로갈까 걱정했는데  오~ 대박잼있었어요ㅎ 개인적으론 1편은 어둡고 무서웠는데
2편은 틈틈히 웃기고  액션도 시원하고..ㅎ
선착순   SIGNATURE ART CARD 도 받아와서
더 기분좋음~
오랜만에 천만 가즈아~~~"
9,오늘 낮에 보고옴...첫날 보고자 한 바램이 마침 오늘 시간이 나서 혼자 보고옴. 평일 낮이라 자리도 널널했기에 편히 감상하고 옴. 아직도 강해상 역의 악역 주인공 이름이 계속 맴돈다. 솔직히 저  연기자 누군지는 모르겠지만 연기가 무척이나 탁월하다. 마블리 연기도 좋지만 강해상 캐릭터가 전편의 악역 윤계상을 뛰어 넘는거 같다.  1편이 워낙 흥행했던터라 기대감이 높았는데 속편치고 아주 괜찮았다. 웃음 포인트도 중간중간 잘 녹아 있었고...전체적으로.. 액션 오락 영화로는 아주 만족함!!
10,굳
9,좀 전에 보고 왔는데 1편도 재밌는데 2편이 더 잼나네요~간만에 웃고 즐기며 보고 왔습니다. 역시 마동석 배우의 화끈한 아구지 맥이기 씬이 시원합니다!!
10,"마동석의 개그  넘 웃겨~~~
영화 대박 날듯"
10,진실의 방으로.
6,"b급 영화를 올려치기 언플로 1200만 만들었다. 그것도 극장에 2달이나 걸리게 만들고 
삼류 영화를 검은머리 외국인이 세금이나 제대로 내는지도 모르고 한국에서
돈벌어가는 참 어처구니 없는 한국"
6,1편 보다 먛이 못함
2,"사람 죽이고 토막내는것을 즐기는게 이게 말이 됩니까?
부메랑이 되어      좋지 얺게 돌아 옵니다.  19금으로 하시오 ."
1,"그냥 다 아는 마동석 영화,1편과 비슷한 재미이나 1편을 그닥 재미있게 못봤다.8점대는 많이 과대평가 되였고 6점대가 적당하다고 느끼는 1인임."
1,"아무리 영화리지만 자라나는 청소년에게
이렇게 잔인하고 폭력적인 영화를 보게 한다니.
이게 재밌나요? 
돈이면 아무나 저렇게 무자비하게 죽여도 된다는 것을
무의식 중에 주입시킬까 걱정입니다."
1,"제작비 아깝다  이제 이런류 한국영화 지겹다
이거말고 못만드냐"
2,"잘대 천만 영화는 아님 실화를 바탕으로 만든영화라는데 개연성 전혀 없음 관광객 납치 한것도 없고 그냥 방안에 트렁크만 한가득 ㅋ
죽은사람은 한국 재벌아들 옛날로 치면 개봉관영화 절대아님 동시상영관이나 비디오 영화수준임 이게 천만인게 놀라울 따름이다"
3,"무한도전 돈을갖고튀어라 매운맛버전?

스토리는 한숨나고..."
1,no review
1,디워가 더 나을정도로 엉망인 영화. 대사는 유치하고 재미없고 음향감독은 알바를 썼는지 엉망. 예정화 동생은 왜?
1,이게 왜 15세 관람가 인가요
5,"15세라하기에 편안히 보려고 했는데..
토할 뻔..ㅜㅜ  너무 잔인합니다.."
7,손석구가 뒤늦게 확뜨는바람에  홍보까지 얻어걸린격
7,"더 시원시원해졌지만 쫄깃함은 다소 사라졌다. 강해상은 장첸보다 더 잔인한  악당이지만, 마 형사가 너무 강해져서 악의 소탕이라는 느낌보단  그냥 걸리면 죽는다....메시지  전달 느낌이 강해서 아쉬웠다."
9,보통1편성공하고 2편은 1편땜에 보는데 이번 범죄도시2편은 그런 편견을 깬 사례라봄. 1편 오마주도 소소하게 잇고 잼나게봣음 ㅋㅋ. 3편도 제작한다던데 이 분위기 쭉 이어가면 좋겟다
10,"1편보다 재미있는 2편 정말 오랜만에 봄 
마동석 다운 액션과 손석구의 재발견"
10,스트레스 한방에 확~~
8,"역시 슈퍼 마동석~~
1편의 장첸을 보조하던 진선규 역할의 부재는 아쉽지만 시원시원한 액션은 여전하다."
10,"범죄도시를 작품성을.기대하고 가는건 아니니
우리가 이 영화에 기대하는 기대치는
모두 만족시켜주는 영화
신나게 재밌게 돈 안아깝게 볼 수 있는 
액션.히어로의 장르를 충실하게 따른 다"
10,인간 헐크의 최고의 액션. 마동석만 할 수 있는 타격감. 너~~~무 재미나
10,"적당히 웃음주고,간만에 재밌네요..최고다.진짜."
6,"액션 하나 밖에 볼게 없지만. 그래서 단순하게 스트레스 풀 오락용 영화로 딱이다. 보고 나온 뒤 막상 현실은 법꾸라지들이 진짜 나쁜놈들인데.. 이 놈들이 또다시 과거 군부독재시대 처럼 검찰공안통치 시대를 열고 있는 현실에 개탄스러워 하지만 이렇게 생각 하는 사람들에게 적극 강추, 반대로 단순하고 정치 무관심층은 그대가 조국 이란 영화를 강추 한다. 아니 둘 다 봐 다 잼있음"
10,웃음 액션 재미 그냥 다 뿌시는 영화!!
9,"전편 못지 않게 재미있습니다
보통 속편 영화는 재미가  없는데
그렇지 않아요
추천 합니다

불쌍한 장이수 ..."
10,넘 재미있어요  우리가족 줄거운  시간을  주셔서  감사합니다
10,캐논님아 마동석배우님 나이가 아직 50대밖에 안됐는데 뜬금없이 뭔 60대에요?ㅋㅋ 암튼 1편 못지않게 오늘 극장에서 2편에도 너무 재밌게 잘봤습니다?_?
10,.
9,마동석표 통쾌함 영화를 보고 난뒤 어깨에 힘이들어가는 남자 영화
10,"광고주들아
얼릉 구씨잡아라
선착순이다
몸값 최소 2배 이상 폭등이다
아줌마 커뮤니티에 
구씨 얘기 뿐이다 
이상

광고 마케팅 홍보부에  팁 준거다"
2,"간만에  영화 봤는 데 이런 영화 무슨 목적으로 제작, 상영하는  지  혼란스럽네요

잔인하고  폭력적인 ,,,  대리 만족하는 건가

지금은 사전 검열같은  게 없나요 

결국은  권선징악이라 답 할  수  있겠지만  난 오늘 오후시간  망쳤고 영화관  또 가고 싶은 생각 0 이네요"
10,"손석구의 새로운 모습을 다시금 보겠금 했던 영화
마동석은 원래~뭐..ㅎㅎ 기대했던 바 그대로~
근데...여기서는 마동석 보다도 손석구 라는 이름의 배우를 다시금 알게 한 영화였다
매번 멜로물에서만 봤는데...와우..다 찾아보고있습니다.
석구님 작품들..ㅎ
팬됨/..ㅎ"
8,"1. 범죄도시1보다는 가볍다
   (윤계상이 참 연기를 잘했군.장첸이 악역으론 더 잘함)

2. 구씨 .. 해방일지에서 헐렁한 티에서 보이는 가슴근육이 너무
     도드라져 보인다 싶었는데. 영화에서 웃통벗었는데
      아이구!! 감사^^

3. 마동석.. 우리 구씨 때리지마 ㅜㅜ
    극중 손석구는 진짜 나쁜놈 맞는데
    구씨로 보임

4. 마동석은 점점 히어로급 파워를 가지는군요

5. 음...다른 사람 말대로 15세용은 아니다 싶네요"
10,"와!! 1탄보다  잼난 2탄 올만이네요. 
영화는 더 재밌고 손석구의 잔인한 악역 최고! 눈빛 최고!
그래도 갠적으론 장첸이 더 인상적."
6,기대보단 지루..
6,"너는 뭐여
까불인데요
까불지말고 일루와 시키야

엔딩 회식씬에서  아주 기다란  인삼주  꺼낸것

개그코드가  일관되고 수미쌍관된   영화

마동석이가 너무  강해  재미없는 영화"
10,순전히  구씨땜에 봤던 영화. 그런데 시간가는줄 모르게 재미있게 봤습니다.
10,"방금보고옴
범죄자 잡는과정이 제일 통쾌함
개인적으로 마지막장면, 인삼주 돌릴때 제일 웃겼음 ㅋㅋㅋㅋ"
4,너무 잔인함 15세 이상 관람가 아닌 듯
5,시원하지만 끝나면 남는게 없는 영화
10,범죄도시 시리즈 성공의 미래를 보여준 작품! 답답하시고 더우시죠? 시원해집니다
1,ㅠ
6,그저그래~ 만5천원 내고 보기엔 돈이 좀 아깝네.
10,"진심 흥행하라는 마음으로 처음 만점드리네요.
뭐 전편에 버금가는(웃음코드는 더 충만!) 작품이 그리 흔한가?
허리웃 영화와 대적해서 꼭 흥하시라~"
10,"마동석표 대표 액션!! 정말 시원하게 봤습니다! 손석구씨 연기 정말 잘 하시더라구요! 
닥스보고 찜찜했던 기분! 시원하게 풀었네요!"
9,"전편을 뛰어남는 오락영화.....가서 암생각말고 봐..속이 후련해진다..
오락영화를 어디서 예술영화 보듯 평점ㄴ 메기는넘 영화는 보고 생각좀 하고 평점해라"
1,너무 잔인하다 ㅜㅜ 인간의 존엄성이 사라진 영화!! 아이들의 마음이 이런 영화가 각인된다면 우리나라 심히 걱정됩니다!!
8,"잼있게 잘 봤습니다만
15세 이상 관람가라고 하기엔
너무 잔인한 장면이 많네요"
10,마형사의 쇠망치 같은 주먹은 강력한 카타르시스를 가져다 준다.
10,"볼만한 킬링타임 영화. 
생각없이 볼 수 있어 좋긴한데 15세 관람가 치곤 살인수위가 좀 높습니다. 
마동석 자체가 히어로인 영화. 
잔인함과 악을 이기는 통쾌함이 있어 재밌구요.  
영화 속 사람들은 막 죽는데  위트있는 대사들은 잘 살리네요.
연기. 연출 다 좋았습니다."
9,"범죄도시1은 조금 어두운 느낌의 현실감있는 액션이었다면, 범죄도시2는 작정하고 액션오락영화에 마동석의 연기에 마블의 히어로 느낌의 액션을 석었다. 코로나시국에 스트레스 풀수 있는 최고 영화."
4,"솔직히 말하면 그냥 아무 생각없이 보기좋은영화  재미없는건 아니지만,..  재밌다 / 그저그렇다로 놓고보면 그저그렇다가 6정도 되는듯 합니다 .  저랑 같은 느낌을 받으신분이 많을듯한데 1편과 오버랩되는 느낌이 정말 강합니다.  뻔한 액션 , 단조로운 스토리(먼가 캐릭터들의 어설픈 등장과 연결성 포함), 강한 억지웃음  (특히  usb부분등이....) 어설픈 부분이 한두가지가 아니었음. 마동석의 연기는 솔직히 발전이 없다랄까....그래도 시간떼우기에는 좋았습니다."
7,"1편보다 임팩트가 부족하고, 마동석의 대사나  눈에 띄게 작위적인 연출만 제외하면 그냥 생각없이 볼만한 액션 영화"
10,"영화보기 제일 좋지 않은 환경이었습니다
퇴근 후 피곤한데, 배가 고프고 영화 예약에 맞추느라 
저녁식사를 좀 허겁지겁해서  식곤증이 몰려왔습니다.
영화 시작전 광고 나올때부터 졸려왔는데...
영화 시작하자 마자 
잠이 확 달아나더군요
전편보다 훨씬 웃기고. 
액션은 비교 불가하게 발전했습니다. 
전편도 마동석의 액션은 좋았지만 
윤계상을 비롯한 다른 배우들의 액션은 
합을 맞춘 약속대련 같은 모습이었는데
이번 편은 악역들의 칼부림이나 
다른 형사들의 액션도 타격감이 아주 강렬하고 묵직함이 느껴집니다.  
그리고 최규화의 개그 드립은 정말 빵빵 터집니자 
손석구의 섬뜩한 살인마 연기도 대단했고요"
9,구씨때문에  첨으로 혼자영화봤읍니다  범죄도시2  보는내내 심장이뛰고   재미있게  잘봤어요   강추합니다
10,"글세요  2편이  1편보다 못하다, 너무 잔혹하다 , 뻔한내용이다
15세 상영 맞는가?  라고  할수  있겠죠 보는관점 이 다를테니
1편은 1편이고  2 편은 2편입니다   전체 평점수와  현 관람객 집계사항이 인기도를  말해주는군요  재밌습니다  
장이수 너무 불쌍함 ㅋㅋㅋ"
9,"개인적인 의견으로는
장첸의 벽을 넘지 못한 빌런.
15세 관람가로 해서 연출의 한계.

그럼에도 불구하고 충분히 볼만함. 충분히 재미있음.

PS.마동석은 개그연기는 안된다는걸 알았음.
     초반에 개그연기 오글거림.ㅋㅋㅋ"
10,"역시 마동석이다 나이60에 이런 통쾌한 액션은 언제봐도 재미나다.스토리 액션 연기 뭐하나 흠잡을데 없다 1편 화장실액션을 뛰어넘는 버스액션은 손석구의 액션연기가 많이 빛났다.마동석이 기대해도 좋다더니 손석구 언제 이렇게 악의 화신이였나싶다.딱한가지 흠은 베트남신이 최일화의 오버연기와 현지 배우들의 미흡한 연기로 좀 실망스러웠는데 그걸 잔인함으로 커버하더군요,,,하여간 범죄도시1 으로 먹고 살고 있는 배우들이 또다시 출연해 마동석덕을 많이들 보네요.신세계는 신세계대로 재미가 있고 범죄도시는 역시 통쾌 상쾌 유머까지 잘 만들었다."
1,코로나 수혜 가장 많이 본 영화.. 운빨 작살..
1,이게 천만영화라고.??? 다들 코로나로 제정신이 아닌갑네....
1,"1편 생각하고 보면 안됨
잔인하고 재미없음"
4,"잔인함만이 기억에 남는다.
고어물 영화를 보는듯.
영혼이 상처입은 느낌."
9,"기대 안하고 봤는데 정말 시간 가는 줄 모르고 몰입해서 봤어요ㅎㅎ 손석구씨, 등등 조연들 연기도 ??"
10,"1편에 이어 2편도 너무너무 재밌게 봤어요!
손석구를 보러 갔는데
이 영화에서 박지환이란 배우를 재발견했네요.
아놔 진짜 이분의 찰진 연기 땜에 우껴 죽을뻔 ㅋㅋ"
8,"큰기대없이 보면
최소
7점은 줄 수 있음 ㅎㅎ
손석구 땜에
플러스 원~~"
5,"''넌 뭐야? 까불인데요? 까불고 있어 쒸''
''또 못살게 구네 개XX네 진짜 (불렀냐?) 아임다....''

1이 갠적으로 훨씬 잘만들었다고 생각함

글구 장첸 VS 강혜상 보고싶다!!!!!!!!!!"
10,시즌 1보다  더재미있네욪ㅎ
10,그냥 보면 안다 … 겁나 잼나네!
9,2편 망작이다 라는 법칙의 징크스 깬 최고의 액션영화!^^
10,"최늑 본 영화중 
진짜 잼나게 봤음."
9,"개인적으로 1편보다 조금 못하지만, 웃고 즐기기에는 충분한 영화 입니다. 추천합니다."
10,꼭 보세요
10,"속편못지  않았으면  더할 나위  없는  것이다.
속편  기대되는  마녀2도  과연  전편을  극복해낼지
갑자기  궁금해졌다."
9,"전편 못지 않게 재밌게 봤어요.
웃음도 있고 액션이 시원시원해서 속이 후련했습니다.
전편에서 윤계상과 진선규, 김성균 3명의  시너지가 참 좋았는데 악역이 1명이라 약간 아쉽네요.
스트레스 날리는데 직빵입니다."
10,넘  재미있게보고왔어요....ㅋㅋㅋ
1,.
6,그냥 투캅스 수준~
2,"이런 졸작이 천만? 껌떼는 칼가지고 손석구를 무적으로 만들어놓고 작품성을 말아먹어버린 이 영화 결말도 안보고 걍 나갔다,,"
4,폭력이 자랑인 영화 마동속이 아깝다
1,"일단 더빙이라 현실감 떨어짐
형사들 연기가 너무 장난 스럽고 유치함 
이건 바뀐 감독 실력이 유치한 우뢰매 수준
감독 하지 마시길.."
6,"이정도로 잔인해야 하나싶어요
대사관 직원 역 맡으신 분 연기가 리얼합니다.
앞으로도 좋은 연기 많이 보고싶습니다."
1,"재밌다고 보기에는 ...좀 무리가 있을듯합니다..
욕설은 기본이고 너무 잔인하고 끔찍한장면이 연달아 나와서 저는 보다가 말았어요 정신건강에 좋지않습니다
인간의 온전한 정신으로는  살인이며.. 끔찍한 범죄를 저지를수는
없을거란 생각이드네요..."
4,마동석 식의 연기나 유머는 좋지만 15세인데 너무 잔인하고 어둡다  차라리 등급을 올리지
1,마동석 손석구 배우빨. 끝.
6,"나름  액션은  시원하고  괜찮은데   스토리가  전편하고 
크게  벗어나지  않음.  3편  나온다고  하던데   3편은  않볼랍이다"
4,응 4점
5,우격다짐
5,"재미는 분명 있습니다, 다만 너무 헐리우드캅 흉내가 가끔 웃퍼요"
5,마동석 그 이상도 이하도 아닌 영화
5,"마체테로 몇명을 썰었는데 얼굴에 피도 거의 안묻은거는 너무 현실감이 없더라..
잔인한거야 그렇다 치더라도 그 잔인한 장면과 실제 연출의 괴리가 커서 몰입이 잘 안됐음. 미성년관람불가의 시나리오에 15세  관람가 딱지를 붙여서 팔기위해서 연출이 많이 희생됨."
5,그럭저럭  킬링타임용 에  그치는군
8,"역시 화끈하고 시원한 액션인데...
실무 형사들이 서장실에 들어가 사무실 동료처럼 서장을 대하는 모습은 
현실과 너무 동떨어진 말도 안되는 모습이라 아무리 영화라도 공감할 수 없었다 
회차가 더할수록 이렇게 잔인해진다면 관객들에게 내성이 생길텐데 차기작에서는 어떡할 것인지 걱정도 된다"
7,지루하지않으니 재미는 있고 연기도  좋으나   사람찌르는거 넘 잔인함
10,"역시 마동석.. ㅋㅋㅋ 근데 에드리브는 1편보다 좀 썰렁했음.. ㅋㅋ
그리고 손석구... 오~~~ 연기 쩔었음.."
8,솔직하게 1편을 능가할수는 없었다. 코로나 시국에 촬영한거라 이해는 함. 범죄자를 걱정하게 하는 유일한 영화 ㅋ
10,"나의해방일지덕에  영화관객이  더 많은듯
손석구 배우 보러~
잼나요"
9,"개그코드는 다소 유치
인물들 대사가 가끔 센스없이 진부함.
그러나 마동석 액션과 군더더기없는 스토리로 
시원시원한 영화임"
8,"전작은 장첸을 비롯한 악역들과
실화를 각색한 범죄와의 전쟁이
만들어낸 범죄액션스릴러였다.
허나 후속은 전작의 무게감을 버리고
코믹함과 액션성을 더한 
코믹 범죄활극으로 장르가 바뀌었다.
이는 후속은 망할거라는 많은 예상과 달리
더 많은 관객들의 호응을 얻어 냈다.
우선 기본적으로 청불의 관람가가
15세 이상 관람가로 바뀐 것부터가 매우 크다.
그리고 잔인은 하되 클로즈업 대신
얼굴 표정과 소리로 대신한 연출도 한 몫 했다.
하지만 결정타는 역시 시원한 로켓주먹과 
사이다 업어치기를 장착한 마부반장의 변신일 것이다.
비속어로 시작해 비속어로 끝나는 대사는 안타깝지만,
작품성 보다 오락성에 치중된 선택만큼은
인정하지 않을 수 없겠다."
6,재밌긴 하다만 장첸 패거리의 포스가 워낙 강했다.....
9,"1편에 전혀 밀리지 않음
특히 버스씬은 근래 본 영화중
최고의 사이다임 ㅋㅋ
최귀화님 박지환님 비중이 커지면서
영화의 빈틈을 완벽하게 채워준 느낌이었고,
손석구님의 독종 연기는 장첸이 떠오르지 않을 만큼 전혀 다른 느낌의 악역을 보여줌.
마동석님은 말 안해도 다들 아실듯^^
다만, 진선규님의 빈자리는 느껴짐
그래서 1점 뺐음."
9,중간에 웃음포인트 짱!! 너무 재밌네요
10,범죄자들과 영화소재의 단골ㅋ형사 이야기.  그치만 장면마다 웃음 포인트가 있어 극장에 웃음소리가 끊이지 않았네요ㅋㅋ 거의 3년만에 간 극장에서 정말 재밌는 영화 한편보고 와서 좋았어요  구씨ㅋ 대사는 많지않지만 표정 내면 연기가 ??
9,"2년 5개월만에 극장 나들이
그 긴 울분을 충분히 씻어 주는 탁월한 선택이었던 영화"
9,"지루할 시간이 없음. 
뜨거운피?  5점이면
범죄는 10점"
10,역쉬 마동석~~~
10,"대리만족 정말 쩔어요 
JJT!!!!"
10,지루할 틈이 없다
10,"진짜 영화 재밋게 보고 
집에들어와 해방일지 보려고 대기중입니다
손석구 눈빛연기 넘넘 짱 입니다
꼭!!  보세요
후회 안합니다!!"
10,장첸한테 안된다고? 조커로 따지면 호아킨 피닉스vs히스레저 느낌이다. ㄹㅇ 코믹 요소가  그렇게  많이 첨가됐는데 캐릭터성 안 잃으면서 유쾌하게 받아치는게 장첸이랑은 다른 포스임.
10,손석구  찐  무서버
10,마동석 짱??????
8,진짜 장이수가 신의한수 입니다
10,마동석&박지환 케미 미쳤다. 살아있는 인간 히어로 날리는 주먹에 속이 뻥 뚫리고 시덥잖은 애드리브에 환장하게 웃기네요. 막내형사 형사티 뿜 뿜 . 악역은 장첸이 훨씬 임팩트 있었던듯. 코시국에 3년만에  통쾌한 영화 관람이었어요.
10,구씨  추앙하러   오늘  갑니다
9,"구씨보러 개봉날 조조를 갔네 .
잔인한 악역에 놀랐고 
 마형사에게 늘씬하게 맞고 택시지붕에 널부러지고서야 안심~ 
마블리 무서워  당미마을에서 소주만 마시며 숨어사나봐  ????
당미마을, 거기가 구씨자리야 
어서 돌아가 미정이에게로 ~ ??
벙죄마을2   한눈팔 새가 없이 긴박하고 재밌어요
꼭 보세요~ 들"
10,간만에 잼나게~~ 마동석표 액션 그냥 잼나요
10,너무너무 재미남.  일끝나고 퇴근하고 봤는데 하루 스트레스 날려버렸어요 출연배우들 다 연기가 훌륭하지만 특히 장이수 역할 누군지 검색해봤네요  박지환씨연기의 신입니다 보기만 해도 웃겨요 존재자체가 배우~?? 천만갑니다~♡
5,"잔인한거 아이들한테 안좋습니다  ㅜㅜ
연령을 높였으면"
9,"손석구 배우 대단했습니다, 1편의 장첸을 잊게할 수 있을까? 걱정했는데 기우였네요, 마동석의 시원한 액션은 덤입니다"
10,영화가 이래야지!!! 지루할 틈 없이 없네!!!
8,형보다 나은 아우. 이제야 마동석 장르의 매력을 알겠다.
8,"재밌게 잘 봤습니다.
구씨의 과거도 알게 되고...
누가 5야는 진짜 빵 터졌다는...;;"
10,"니 내 누군지 아니..
하얼빈 장첸이야~~~~~~~~~~~~~~~ㅜㅜ"
10,와 너무 잼있네요 잼있으니깐 시간이 금방가네요 손석구님 마동석은 여전히 주먹왕 ㅋㅋ 손석구는 미친연기 대박잘하네요 ㅋㅋ 범죄도시3 도 나오길 바랍니다 ~~아 그리고 코러나이후 3년만에 영화관 가보네요 ~~ ㅋㅋㅋ
10,일단 10점 박고 ~ 졸라 잼있다
10,재밌어요 강추
10,액션이 시원시원  개그가 좀 더 늘었음
10,"기대 않고 봤는데
통쾌하고 재미 있다."
10,그냥 보고 지려버렸다~끝!!
10,미리개봉했길래봤는데 내가 승리자 ㅋㅋㅋ 진짜 재밌었음
2,잔인한 폭력만 난무하고 억지스러운 웃음 포인트.. 이런 영화가 왜..?????
1,"솔직히...1편 보다 훨씬 재미없음...
감독이 바뀌어서 그런건지...
짜임새도 이상하고...
웃음 포인트도 잘 안맞음...
전에 마동석이 신인 감독들과...
공장 돌리듯 찍어내던 영화들과 비슷했던...
손석구의 연기를 대부분 좋아했는데...
이번 영화에서는 못느끼겠음..."
5,"규모는 많이 키웠는데, 연출은 많이 얕아짐.
마동석 캐릭터를 강조하려다 보니 부자연스러운 부분이 많아짐."
2,이 영화는  돈을  많이 들인  폭력물이요.  피를 튀기고 칼부림으로  시작해서  죽은 시체들로  끝을 내는   쓰레기같은  영화이다.  스크린을 점령한  영화사들이  1관부터 7관까지  다  걸어  놓고  이것밖에  볼 것이  없도록  해놓고  광고에   돈을  솥아부어서  관객몰이를  하고   있다. 보고 나서  사기당한  느낌이었다.  알맹이  없는  영화
10,"5백만 넘었으면 좋겠다
마블꺼는 어차피 디플에서
보면 되니깐!
마동석 최고!"
10,"와 
1펼보다 잼있네
주위에서 1편보다 잼난다고 해서 
과연?  햇는데
와 더 잼나게 봣음"
5,"범죄도시2, 극한직업.. 이런 영화들이 왜 천만을 넘는지..
차라리
드라마 모범택시가 100배는 더 재밌었다"
10,"진짜 잼나요
시간 가는 줄 모르고 봤네요"
6,"얼마 지나면 기억에서 다 지워지겠지만
그래도 당장은 즐거운 킬링 타임용 코미디    
코믹 + 잔혹 ... 코잔코잔의 연속 마약의 중독성처럼 ...,"
10,"진짜 보는 내내 지루함 하나도 없었어요 
진짜 너무 재미있게 봄!! 완전 강추강추"
10,"전날 모범시민 엔딩에 빡쳐있었는데
범죄2로 씻었습니다.
3편도 가시죠"
10,"나의 손석구씨 맞는데 왜이리 내마음이 아픈지요...

빌런이 이렇게 매력터질수 있는 일인가요?

던져졌을때 허리랑 목 괜찮으신지 건강 잘 살펴주세요^^♡♡

그래도 또 나오실때까지 기다립니다~~♡♡♡"
10,"오랜만에  영화관 엄마랑방문하였는데
너무 재미있게보았어요 
엄마도 너무 재미있었다네요 
1탄은 안봤지만   2탄은 10점만점 10점줄께요
3탄도 기대됩니다 3탄도 개봉하면 보로갈꺼에요"
1,잔인할수록 관객수 늘어나나. 한국 관객수는 믿을게 못된다
1,"잔인하고, 욕설이 대부분. 액션은 칼질. 이게 15세?? 그리고 스토리도, 대사도 재미 없음. 이게 1200만?? 하.. 한숨만 쉬다가 나왔음."
10,장이수는 진짜 나올때마다 개웃기네ㅋㅋ
6,강력범에 겨우 무기라곤 삼단봉 ㅋㅋ 대한민국 경찰 영화 정말 개그임.  1편의 장첸이 그리움.
7,참으로 오랜만에 영화관가서 영화를 봤다. 지금까지 개봉작들이 밋밋하다가 이제야 블록버스터급들이 개봉되니 극장가가 살아나는 듯. 영화만 놓고 보면 1편보다 임팩트는 덜하지만 여전히 통쾌한 한방으로 극장에서 보는 맛을 준다.
8,15금이란 말에 보러갔다가 1편 보다 훨 쎄서 놀랐다. 재미는 있었음.
10,모처럼 극장에서 웃었다
10,"15세.. 19세같은
보고나니 운동해야겠단 생각..."
10,와 진짜 구씨  그르기여  ㅋㅋㅋ 어마어마한  연기 잠재력 멋짐폭발 또한번  머싯따  스릴만점 잔인함 만점 눈빛연기 만점  최고다 구씨 ㅎㅎㅎ
1,마동석 한방에 수십명씩  쓰러지나.  그럼격투기 선수 해야지
10,"액션물에 뭔가 다른 것을 바라지마라.
액션에 유머가 적절히 버무려져서, 2시간이 어떻게 가는지 모를 정도.
왠만하면 만점 안주는데 5년만에 만점 줬음.
3편 내놓으라는 평가이다."
10,빠른 전개 유머 액션 다 들어있네
10,"1편 보다  잼난 2편
손석구 이렇게 섹시한 잔혹마가?"
10,시원한 액션.... CG로 때우는 마블과는 격이 다르죠. 굿굿
10,개꿀잼 ㅋㅋ 무조건 극장에서 봐야 그타격감을 제대로 느낄수있다 ! 맨몸액션에 나이프액션같은느낌 ㅋ개꿀잼 이게재미없다고하면 도대체 어떤영화가 재밋다는거야
8,"시원한액션과  단순한 스토리,  지루할시간없이 재밌게 잘 보았어요 즐감하세요"
10,"1보다  더 현실성이 가미된듯
억지 코믹아닌 자연스런  유머코드도 좋고
손석구가  이거 찍고  힘들어서  해방일지 에서  정신적 치유를 한듯 ㅎㅎ"
10,"""시간이 언제 이렇게 지나갔지""   하고 본 최초의 영화였네요. 구씨 때문에 보러 갔는데  너무 재미 있어서 또 보고 싶어지는 영화입니다.  악역을 응원해보긴 처음 입니다.  잡히지 마라~~잡히지 마라~~  계속 도망다니고 얼굴 보여주길 뱌라는 희안한 영화입니다. 손석구 배우님 당신  때문에 백만년만에 영화 봤네여~~  손석구 ~씨  추앙합니다.  ??"
3,댓글 믿고 봤는데 난 1편보다 훤씬  못해.
10,ㅋㅋㅋ잼있음
9,1편 만큼이나 재밌게  잘봤습니다!!!   잘 만들었네여!!!
9,"이런 게 오락영화입니다 ^^
한국형 슈퍼히어로!
1편 못지않음!"
10,시사회 당첨되어서 보고왔는데 2시간 동안 시간가는 줄 모르고 정신없이 봤음
10,레전드 기대된다
7,재미가 없는건 아닌데 그렇게 극장가서 볼 만한 영화는 아닌것 같아요..거의 죽이는 장면이 다수..웃긴건 그냥 억지 같은.. 천만인건 좀 의외입니다..저의 솔직한  평가입니다.
9,"핵주먹 완젼 시원 통쾌!!
스트레스 풀리고 재밌어요. 
너무 잔인한 장면이 많아 1점 감점이요."
9,"오늘 재밌게 보고 왔습니다. 마동석 씨가 최고로 멋있고 조연분들도 멋있습니다. 손석구 씨인가요? 강렬하네요. 눈빛, 몸싸움, 칼싸움 등이...ㅎㅎ;"
10,시원하고 유쾌함 단순해서 더 좋음
6,다크나이트 가벼운 버전
10,마동석배우님 액션을 너무 좋아해서 다 찾아보는데 이번 범죄도시2는 완전 최고입니다 배우님들 고생많으셨네요
10,믿고보는 동석형님  재미나게 잘봤습니다 ㅎ
9,일단 액션영화에서 찝찝함 1도 없고 속시원하면서 가끔씩 빵터지기도 함. 1편도 재밌고 2편은 더 재밌고. 신나는 영화였음.
6,no review
9,"쓸데없이 시간 끄는거 거의 없고, 짜증나는 어그로  없고, 결과도 통쾌해서 기분 좋게 봤어요."
6,저편보다 재미는 별로  윤계상이  더  연기잘하는듯
10,1편보다 더 재밌어요
9,"1편보다 별루일거야 라고 정말 기대없이 봤는데
액션 오락 영화로서 탄탄하게 만들어진 재미난 영화 였습니다. 
깨알같은 대사들, 연기자분들 온 몸을 던지는 과감한 액션, 1편 분들의 까메오 출연, 그리고 매우 신선하게 느껴졌던 카 체이싱 장면과 박지영씨 섬세한 연기력.. 감탄하며 봤습니다. 
역시는 역시?? 그리고 우리 구씨... 길들여지지 않은 들개같은 캐릭터.. 정말 무섭고 멋있었어요. 천상 배우십니다.
잘 봤어요~ 해외에 많이 알려지길^^ 우리 영화 화이팅!!"
10,"손석구님 연기력 최고였어요~!
마동석님 코믹연기 넘 자연스럼!!!
많이 웃고 시원했어요~
타격소리 리얼한~"
10,재밌다
10,시원시원한 사이다 원샷느낌입니다~~
9,"신랑이 손석구씨는 눈빛이 연기한다면서 엄청 싸나워 보인다고  자꾸 얘기하네요
 울 딸들이 안 맞났음 하는 눈빛 이라고요"
10,"나해 구씨 언제  베트남가서 사고 친거ㅋㅋ
여튼 손석구님 보러 범죄 도시2. 잘 봤습니다 ~~
천만가즈아"
9,"누가 5야 ㅋㅋㅋㅋ 
베테랑에서도 팬시가게 사장님으로 개웃겼는데
이젠 마동석 얼굴만 봐도 웃김"
5,유치함
8,킬링타임용으로 최고 그러나 앞으로 8편이나 만들 계획이라던데 장첸 을 능가하는 캐릭을 만들 수 있을 것인가에 달린 것 같음 장첸이 워낙 강력해서 ㅋ 강해상 캐릭도 좋지만 임팩트가 별로
10,1편보다 재미나요
9,"역시!!~
영화관람후 박수터짐??"
10,시간가는 줄 모르고 속 시원하게 잼있게 봤어요.ㅎㅎ 마블리ㅎㅎ
10,"너무 신나고 재밌어요^-^ 처음 손석구 나올때 악- 하고 소리 지를뻔 했음돠^^ 섹쉬하더라구요 ㅎㅎ 악역이 덜 맞기를 잘 도망치기를 염원하긴 또 처음이였네요 ㅎㅎ 요즘 구씨, 손석구에 완젼 빠져있어서 더 그런것 같아요 ^^ 액션, 재미, 스토리.. 개인적으로 2편이 더 재밌었어요. 손석구님 칼 갈고 액션씬 연습하신듯 합니다."
10,구씨  머하구 다녔는지  알고 싶어서 봤습니다
10,1편보다 좋음
10,재미있어요. 전편보다 웃기고 잔인해요. 졸리지는 않았어요.
1,"이런영화때문에 인간이 더 극악무도해지는거다
사회정서를 개박살내는 끔찍한 영화는 재앙이다"
4,나름재밌지만..재미를위한 허구가 있네요..특히 장이수를 왜 운전기사로 썼는지...얼굴노출안된 형사를 운전기사로 썼었어야죠..
1,너무 무섭고 잔인해요 ㅜ
2,"심성들이 얼마나 잔인하길래 이런 영화를 15 세이상으로 
설정하고, 보고 즐기는 건지 . . .
더구나 뒷 부분은 엉성하기 이를데, 없는스토리에 
1300만이라니 . . ."
4,말도 안 되는 범죄자와 모자란 경찰들의 대환장 파티.
5,영화 댓글알바들 수사해라
6,"역시 전편을 못넘기는 스토리, 장첸이 그립다"
8,재미있내요  피는 잘보이지않음  웃긴긘 조긍
10,재미있게 잘봤어요
10,너무 재미있어요ㅎㅎㅎㅎㅎ
10,전편도 재밌었지만 2편도 더 재밌게 봤어요ㅋㅋ
10,너무 재미있어요
10,no review
10,오늘 조조로 봄. 1시간 50분 금방 지나감.
10,마동석표 액션은 역시 대단하다
10,시간 가는줄 모르고 재있게봤어요 통쾌합니다
10,재밌음
10,2번 봐도 잼있었음♡
10,"오늘 오전에 보고 왔는데 배우님들의 맛진 대사와 멋진 액션이 밤시간까지 계속 머릿속에서 맴도네요. 잔인한 장면과 유쾌한 장면이 적당히 믹스가 되서 상영시간이 어떻게 지났는지 모르겠습니다. 얼굴 가리며 비명지르다, 큰소리로 웃다보니 영화가 끝났네요. 이 영화 꼭 보세요."
10,오늘 보고 왔는데 1편보다 잔인한 장면이 많긴한데 재밌어요.마동석씨가 아주 시원하게 해주네요. 손석구씨가  장첸에 비해 좀 밀려보이는건  센캐들이 많아서 그렇지 연기도 훌륭하고 무서웠어요.목소리도 좋네요.만족했어요
8,"1편보다 재밌고, 손석구도 악한 넘이 
되다니 깜놀"
10,군더더기 없음. 또보고싶다
10,손석구 최고..??
10,"잼있어요 1편 안봤는데두  그냥 봤는데 
생각보다 잼있었네요"
8,"킬링타임으로 넘 좋은데 15세이상은 아닌듯하네요 
아이들은 못보게 하시는게 좋아요"
3,볼만함~씹점님들 반대급부로 별 세개!
9,우리에겐 손석구씨가 있다!
9,1편보다 재밌고 박진감넘쳤고 손석구씨랑  ㅡ국제결혼주선하는 인물. 배우님 ㅡㅡ정말ㅇ감초 연기. 굿
7,1편을 너무 잘 만든 탓인가...어색한 연기들도 있고...내용도 (다른 영화와) 비슷한 게 많고...시리즈 더 만들 계획이면 딱 3편 까지만...(컬러리움 상영관에서 봤는데...화질 좋고 의자 편하고 좋더라~)
8,난 1편이 낫드라..개취지만..유머가 나랑 안맞아..피...ㅋㅋ
10,오랫만에 천만 가자
8,"다른영화 속편에 비해  잘 만들어진듯합니다
신선함, 뻔함 , 코믹이 약간 아쉬웠는데  
그래도  평점 8점!!!"
9,손석구  와...소름돋는연기   신빌런  캐스팅잘한듯 그리고 역시 마동석 짱   웃음코드도 많아졋고 잔인하기도 두배   시간가는줄몰랐음
10,"아진짜 너무재밌어요
최강빌런 손석구 너무 섹시하고 마형사는 물론이고 막내형사들까지 진짜 너무 멋있어요
특히 마블리 진짜 대박 멋있음!!
벌써부터 3편이 기대되네요"
10,아니그냥싫어할만할사람들이없는영화다
10,"혼영을 했습니다 
너무 재미있어서 혼자인데도  주변사람들과
하나가 된 듯  함께 웃었네요
마동석배우는  더 파워가 느껴지고 기대.고대하던
손석구배우 와~ 실망시키지 않았죠~우해도 잘 보고있구요 최귀화반장님^^ 박지환배우 넘나 웃기고 정스러워..
두번째라 사실 넘 기대 안하고 보러갔는데
스트레스~확 날려브렀어요~넘 즐거웠습니다
꼭 보세요~"
10,"범죄도시1이 워낙 성공해서 1정도는 바라지도않고 가볍게 볼 생각으로 갔으나 1만큼 꿀잼ㅎㅎ
한국의 저질 조폭영화와 말도 안되는 스토리 억지설정이 없어서 넘 좋다.
일단 웃기면서 액션도 굿굿"
10,와!!! 손석구!!!! 장첸이랑 다른!!!
9,"엔딩 맛다이가 쬬끔 싱겁긴해도 우블 아부지 때매 개잼
시즌1 창첸보다는 약해도 재밌게봤네요."
10,"범죄도시1 보다 훨씬 잼나네요..ㅎㅎ
마동석 형님은 주먹이 더 쎄졌고
손석구는 윤계상 업그레이드 버전이네요...ㅋㅋ"
10,좀전에  봤는데  잼있었음 구씨 잘어울려~ 시즌원보다 액션이 좀더 나은듯 타격감이 있어서 액션할때마다 나도모르게 몸이 움찔움찔 했음ㅋ
10,"1편 완전 재밌게 봤습니다
기대하고 2편보러 다녀왔는데 너무 재밌게 보고 나왔어요
니 내 누군줄아니?ㅋㅋㅋㅋㅋ"
10,내 개인적으로 1보다 재밌음 한번 더 볼 의향 있음 강추!!
10,손석구님 간지빌런
8,"개봉일 오전 10시 30분. 
마동석 배우 배역이나 결말은 뻔히 알고 있으니, 손석구 배우 보러 갔는데 개인적으론 역시 괜찮았음. 
소소한 유머도 쏘쏘~
벨 눌렀으면 강해상이 너무 약해보였으려나?"
10,"너무나 오랜만에 본 영화인데
지루할 틈없이  재미와 액션을 느꼈어요
프리미엄상영으로 개봉일 전에 보고 
오늘 개봉일에 한번 더 볼 정도로 재밌게 봤어요!!"
9,"오락영화는  이렇게  화끈해야지~
잼나게 봄"
10,마동석이니깐
9,관객들 빵빵 터졌어요~~~ 재밌게 잘 보고 왔습니다~~ 입소문이 나서 5월 18일 개봉하면 관객 더 많아질 것 같습니다~~
9,"오락 영화가 할일은 다 했음, 손석구가 나쁘 않음 ㅎ"
8,"2008년 한국 ~ 베트남 호치민시를 오가며 
호쾌한 타격과 제압으로 범죄소통 미션을 완수하는데,
코믹요소도 있고 이번에도 마형사 아우라가 대단하다 !"
8,"1편도 재밌게 봤는데, 2편은 기대가 만땅입니다 ^^"
5,비디오로 스트븐 시갈 액션영화보는 힐링
6,역시 1편만 한 2편은 없다.
5,2년동안의 코로나 바이러스 라는 대시국을 뚫은 최초의 천만돌파 영화라 하기엔 많이 부족하다
6,"외계인에 사람들이 평점테러한거 보고 , 1200만이나 본 이작품의 평정이 문득 궁금해서 왔다. 심각하다 이런류의 영화에. 평점이 8점이 넘다니~ 솔직히 1편에 비해 많이 모자라고 이게 마블영화인가? 라는 착각이 들정도로 어?? 왜 점점 슈버히어로가 되지? 범죄빼곤 하나도 헌실남이 엄ㅅ었다. 실화를 모티브로 했고 좀더 세밀묘사와 현실감있는 수사가 필요한데, 이건뭐 이터널스아닌가~마블히어로 마동석 , 극장에서 사람들이웃고 박수치고 하는거 보고 , 굥이 대통령된 이유가 분명해졌다. 그냥 오락영화 사람들에게 필요한건 , 오락영화가 아니라 정의구현 범죄와 전쟁 이란걸 알게됐다. 그만큼 현실이 힘들고 억울하다 느끼는듯 
마블에 열광하며 한국영화에 테러하는 머리? 눈? 모르것다. 3편은 티비로 볼란다 슈퍼형사 마블동석"
4,전작에 비해 연출력이 현저히 떨어져보인다 마동석발성이 탁성으로 변해 연기 자체가 부자연스러워 보이고 등장인물 하나하나의 개성이 이번 작품에서는 전혀 보이지않는다..전작이 8점이라면 4점짜리영화 정확히 반밖에 표현해내지못했다.
6,.
4,"하..... 취향도 알겠고, 구씨도 알겠는데
시도 때도 없는 시덥잖은 개그,
강해상의 오프닝 범죄신 외엔 이건 뭐..

천만 영화 타이틀이 참..."
7,"IP티비로 보실분을 위하여 후기 남김.
이 영화의 장점
1.마동석의 시원한 격투 액션
2.일부 액션 연출이 뛰어남
3.지루함이 없음
4.마지막 마동석과 손석구 격투씬 박진감 넘침
단점
1.전일만 반장 시도때도 없이 개그침. 애드립이 80프로 이상일 듯. 코미디 영화가 되버린것에 큰 몫을 하심. 감독과 출연진이 사이가 좋은건 알겠는데 배우는 애드립으로 돋보이려 애쓰고 감독은 마냥 다 좋은가 봄
2.손석구랑 똘마니 vs 한국조폭 8명? 집안 격투장면에서 조폭들이 손석구 안죽일려고 수시로 밀치기만 하고 칼을 참 안쓰는 장면에서 어이가 터져버림
3.너무 잔인함. 15금이 언제 수위가 이리 높아졌나 싶음"
6,.
5,이 시리즈로 한동안 장사는 꽤 해먹겠구나
7,"타격감은 정말 훌륭하고 희열이 느껴지지고, 범죄 캐릭터들의 일관성 또한 잘 유지되어서 마음에 드는 부분이 많이 있긴 한데, 연결의 연결의 연결의 연결이.. 그렇게 자연스럽지는 않다고 느꼈네요..."
7,"통쾌하게 봤긴 했지만 1편보다 구성&액션이 다소 부족한거 같구요
15세 관람가도 문제지만 1200만 관객까진 아닌거 같습니다"
4,"재밋긴 하지만..1편보다 모하다. 서사도 줄었고, 어설픈 개그 드립이 신경쓰여. 적당히 진중함과 썪여야 개그가 사는데, 개그만 냅다 쳐대면 무게감이 사라져. 3편에는 좀 자중하도록. 동석이 나이들어 근육 풍선 줄어들기전에 언능언능 3,4편 찍게나. 마동석 액션, 하나의 장르 정도는 과장됫지만 이런 액션 인기물 나온거 참 오랜만이잔아. 1편보다 모하지만 나름 킬링 타임용 여전히 유효하고 자리잡은거 같으니."
7,"볼만함, 엄청 재밌거나 그렇지는 않음.

마동석의 연기가 원래 이렇나 싶음,  대사 칠 때 묘한 거부감이 들어서 몰입감이  떨어짐"
6,"음... 성인들이 보기에도 잔인한 장면이 많이 나오긴하네요
물론 중간중간 개그코드를 많이 넣어놔서 웃기기도 하지만..
15세 이상관람가 이지만 청소년들이 보기에는 맞지 않는거 같아요
이게 왜 15세이상 관람가인지 이해불가...사람신체 절단하고 칼로 푹푹 찌르고 베고 피줄줄;;;
마동석씨의 강력한 펀치가 기억에 남아야는데 자꾸 시체에서 신체절단한거하고 칼로 푹푹 찌른거만 기억에 남네요 
다음편부터는 제발 성인들만 볼수있게 등급을 맞춰야 할듯합니다"
7,영화적완성도 측면은 1편보다 못한것같아요..대신 타격감 시원한건 인정함..펑펑소리내면서 쓰러지고 나가떨어지는데 거기서 카타르시스가 느껴짐..재미는 그닥...
1,생략
6,형만한 아우없네. 1편이 너무 재미가 있었나? 2편보고 다시 1편 봅니다. ㅋ
7,"전반적으로 괜찮게 만든 영화이기는 하나 이런 영화에 천이백만 관객이나 들다니...
울나라 사람들 스트레스가 장난아닌가보다. 난 1편보다 못했습니다~~"
6,"까냐장난
찾으면 전화해~~
무슨 절도범 잡으러 갔냐"
6,1편에 비해 신선함은 떨어짐. 연기는 박지영이 갑!
7,오락영화로는 훌륭.  시간 잘 가요
8,1980년대 폭력물의 재소환… 뻥 뚫리는 시원함은 최고…
10,"영화관 가기 꺼림직했지만  정말 3년만에  그래도 이건 봐야 할것같아 갔습니다
^^  잘갔습니다  재미있었습니다 
손석구  진짜 연기 잘하더군요   처음몇컷트가 조금 ...... 호치민가서부터는 정말 재미가 ^^~~
스토리 탄탄하고 일전에 그것이 알고싶다에서 본듯한 내용들   실화가 바탕이 된 영화라서  더욱더 재미가 있었담니다
마지막 버스안에서의  주먹다짐신은 정말 실감나고 퍼팩트 했습니다 ...
손석구  참 많이 맞아서 많이 아플듯 ㅠㅠㅠ"
10,하얼빈 장첸이야!!!!!!!!!!!!
10,구씨 과거사 드러남ㅋ
10,와 손석구
10,장이수는 이제.. 보면 웃음이 난다 ㅎㅎㅎ
10,읻고 보는 마블리  이제는 그자체가 하나의 장르요 액션 이다.시윈한 유머와 액션  시간 순삭의  킬링  타임 무비
10,"누가 5냐고?
당연히 내가 5!!!"
10,"속편이 전편보나 별로일거라는 생각을 없앤 영화, 2시간 가까운 시간 정신없이 보게되는 영화네요.

오랜만에 많은 관객들과 함께 보니 더 재미나네요."
9,"손석구는  연기가 아닌 그모습 그자체 같은 느낌!!! 
마동석 주먹 파워는 토르망치같은 느낌 ㅋㅋㅋ
손석구 배우가 마동석 주먹에 헐~~~"
10,오락영화로 아주 좋고 전편보다 유머가 더 많아요. 엄마랑 같이 봤는데 재미있다고 30분 본것같은데 벌써 끝났냐고 하셨어요. 손석구 멋있다고 하셔서 나의 해방일지  소개해드렸습니다.  시원하고 통쾌한 액션에 코믹까지 대만족입니다!
10,오! 재미있다! 시원시원한 액션!!
10,역시 마동석..ㅋㅋㅋ
10,"두말할것없는 마~동~석,,,악역에 새로운장을 연 손석구,,, 대박 범죄도시3편 가자,,,"
10,엄정난 마블리 1탄보다 더한벌크업 꼭보세요 코믹 액션 통쾌 뭐하나 빠지지 않아요
9,전작생각안날정도로 잼나게봤음 손석구의 노빠꾸 빌런 장첸못지않게 존제감 있었음 그냥 닥치고보세요
10,구씨 과거인가요?ㅋ 정말잼나게 잘봤습니다~
9,잔인하지만   웃음과 사이다가 있는 영화
10,"장면 하나하나, 대사 하나하나 공들인 작품임.
특히 에스컬레이터 신은 박장대소."
10,"마동석이 더 커졌네요.
픽션과 논픽션을 절묘하게 조합
보면서 화도나고 통쾌하고 걱정도 되고...
하지만 확실한건 재미있다는거임.."
10,말그대로 마동석에 의한 타격감 최고의 영화~ 근래 받았던 스트레스가 한방에 날아간다ㅋ  꼭 영화관에서 봐야할 영화인건 확실하네요~~
9,티격감  오지고  과연 3탄은  복수극이 될지  ㅋ
10,"스트레스 해소  재미 있슴 조금 난폭하긴 하지만.
영화 평 처음 써 보내."
7,"마동석배우 웃겨요~~~
손석구 배우 그냥 좋아요~~
경찰역할 배우님들 고생하셨어요~~

웃긴데 실제 범죄를 모티브로 한것도 알겠는데
악당이 아무 개연성이 없네요~~
스토리도…
원래 악은 그런거지만…"
10,"너무 재밌겠봤습니다!!:) 
다들 연기력이??"
9,간만에 뻥 뚫리며 재밌게 봤다
9,"마동석님 아주 든든하고!!
영화도 재밌어요~!!^^
시간 가는줄 모르고 2시간 순삭!!
관객들 많이 웃고 끝부분 시원하게
처리하고 끝나서 마음도 시원함ㅎㅎ
다만 넘 잔인한 장면들이 많아서 반은
눈을 손으로 가리고 본지라 1점만 뺍니다ㅠ"
10,유머코드와 액션  모두 내  취향임ㅎㅎ
10,너무너무  재밌게 봤습니다..
8,장이수 ㅡㅡㅡㅡ내누긴지아니  나 장첸이야 ㅡㅡㅡㅡㅡ빵   다 ㅡㅡ터짐 ㅋ
8,"시원시원한 액션이 맘에 든다. 깨알웃음 포인트도 있고
근데  영화프로그램에서 다 봤다"
10,"너무 재밋어요~
오랫만에 영화보고 스트레스 확 풀리네요~
넘 재밋어서 저는 첫날, 두쨋날 심야로 두번봤어요"
7,역시 마형 액션입니다~~~잔인하고  통쾌한 액숀 ~~~짱~~시즌3 기대해 봅니다! 윤계상 나오면 더  좋고요~~
10,1편 만큼 재미있었음
8,1편을 안봐서 잘모르겠더라. 너무 잔인잔인
10,재밌다 엄청재밌게봄
10,1편을 넘는건 터미네이터라고 생각했는데 이것도 뛰어넘네 진짜 최고임
10,역시 믿고보는 마동석 영화 입니다. 웃기고 재미있었습니다.
10,1편보다 더 잼있었어요~다른 영화들은 2편나오면 실망하는데 이 영화는 아니내요 굿
10,오는 누군데
10,"평점조절-웃음 액션 연기력, 원작보다 뛰어난 속편은 별로 없는데, 범죄도시는 예외! 3도 기대합니다."
10,"코로나로 지친 심신에 뜨거운 정의를 주먹으로 보여준 마형사, 8편까지 갑시더!! 한국 히어로물의 끝판왕이자, 세계로 나갈만 하다"
10,적절한 액션에 적절한 코믹
10,해방일지 구씨때문에 보러갔네요. 조금 잔인하지만 재미요소도 좀 있고 잘 봤어요~
10,"1편보다 나은 2편
재미있는 대사와 더 강한 액션으로 
보는 내내 재미있었음"
10,"역시 마동석님 연기 짱 반장님과의 케미 너무너무 좋았어요
범죄의 도시 3 또 나왔으면 좋겠어요
기대해요"
10,나는 왜 마동석이 아닌가
10,"말해 뭐합니까
손석구 배우 보러 갔었는데 스토리도 좋았고 베트남로케도 좋았고 특히나 배우들 연기는 뭐 최고최고!!
그중 구씨의 연기는 살아있더라"
10,"오늘 남편과 범죄도시2보고
왔습니다 
과연 믿고보는 마동석님 최귀화님 손석구님"
10,"19일 저녁에 조카랑 같이 봤는데
첨부터 끝날때까지 미친듯이 웃으며 봤다  스릴.유머.통쾌.액션~! 다
넘 재미있었다 ."
10,역시 영화관에서 보는 이유가 있어.
10,재미써여여여여여여영
7,"스토리 구성은 범죄도시1보다 못하지만 흥행을 염두에 두고 만든 영화로서 재미있고 마동석이 악당들을 물리치는 장면들의 액션이 통쾌하다. 코믹코드도 괜찮다. 
그런데 너무 잔인한 장면들이 많다."
10,"범죄도시 8부작까지 기획하고 있다고 하던데.. 
범죄도시 8에선 교도소에 수감된 장첸이랑 강해상 탈옥해서 둘이 연합해서 마형사한테 복수하러 오는 내용이었음 지리겠다.....

8인의 범죄자들 어벤져스 결성해서.. 타노스 마동석 잡으러 오는 내용.."
10,확실히 재밌네요
10,"진짜 몇년만에 영화관가서 너무 재미있게 봤어요
형만한 아우없다는데 요번엔 있네요 
다들 한번 보세요"
7,"갠적으로

1탄의 반 정도... 이라고 생각 합니다."
10,구씨의 해방일지라고 해서 기대가 많이 됩니다
10,"너무 재밌게봤다! 독특한 두 캐릭터로 시간 가는줄 모르고, 특히 손석구 액션연기 너무 잘해 멋졌음. 진짜 눈에 살기 가득한 연기 최~~고."
10,"싸이코 손석구
윤계상 완전 다른색깔
범죄도시2
다행히 잼있었다"
10,"손석구배우님 진짜 연기최고 ,, 넘 멋있었습니댜 
1편이 넘 재밌어서 기대안하고봤는데 최고,. 최고"
9,코시국을 날려주는 액션맛집. 조금 잔인해요. 스트레스 받을 때 보세요.
10,1편이 잔인한♪♬♪♪이면 2편은 제대로 ♩♪♪♪이당. 재밌음 꼭보세요 석구 와 동석 ㅎㅎㅎ
10,"동석이형 이러기야?? 이렇게 재미나고 화끈하게 만들면 나 3편 기다리느라 힘들어지잖아!~~~
너무 재밌따 1편보다 더 화끈하니 굿굿!!!"
10,"코엑스 메가박스에서 어제저녁에 식구들하고 재미있게 봤네요.
아들 딸 하고 즐거운 저녁 시간 이었습니다.
시간 가는줄 모르고 봤네요."
10,짱짱짱 마동석짱! 손석구짱! 느무느무 재밌엉~
8,장이수가  영화를 캐리했다
8,마동석 장르의 위트와 액션이 흥행을 이어간다.
10,음문석배우님  에스컬레이터씬 최고예요.  눈빛연기.최고????????????
5,누가5야?
9,타격감 100점 만점. 스토리도 군더더기 없이 무조건 직진.
10,이렇게재밌기있기없기? 방금전1차본후 2회차 관람합니다 안보면 간첩
9,"일단 재미있음

1편보다 심지어 몰입도는 더 좋았음

1편이 장첸이 주는 무시무시한 쫄림이 주는 끈적함이엇다면

2편은 먼가 시원시원한 마블 히어로물같았음

같은듯 다른 재미가확실히 있었음"
10,"너무 재밌어요..대사 하나하나가 깨알~~^^ 1편은 잔인하고, 전체적으로 영화가 무거웠던 반면~2편은 그냥 재밌게 볼 수 있는 영화!!"
9,좀잔인한 장면이 많아도 스토리 자체가 시원시원하고 웃길땐웃겨주어서 볼만한 영화였다.
10,마동석이 또 해냈네요. 솔직히 기대안했는데 올만에 한번 더  보고싶은영화.  마반장 매력 어쩔
10,"대한민국 국민들은 진실의 방으로 납치된 거야.~~너무 재미겠 봤어요....범죄도시 3탄도 기대할께요...
   은혜가 나오는 영화 범죄도시 2탄 ~~ ㅎㅎ"
10,통쾌함
10,"일정수준의 퀄리티는 나온거 같음.
한국의 리셀웨폰 시리즈처럼 만들어도  꾸준한 관객몰이 가능하다고 본다"
8,마동석 개간지
7,마동석표 영화이상이하도아님
8,재밌다. 통쾌하다. 근데 좀 잔인하다.
10,넘 기다려집니다~~~
7,"진짜 조선족인가 싶을정도로 연기를 잘해서 재밌게 봤었는데

본편에 업혀가는 망작이 아니길 빈다"
5,장첸이 윤계상이 아니라고 쳐. 진선규 없으면 아니지....
8,"시사회 다녀왔습니다. 범죄도시1을 안봐서 과연 볼만할까...하는 의문을 품고 갔는데, 가볍게 재밌게 보기 괜찮았어요, 그런데...15세 관람가라고 하기에는 잔인한 소리와 장면들이 많이 나오는 것 같아서 아쉬웠어요."
6,청불이 아닌게 흠이다
6,마동석과 영화이름으로 별세개 먹고시작하는데 이상용감독입뽕작이라 위험성다분
1,"이게 19금이 아니라고??  

돈에 미처 쉽게 사람 죽이는 강해상이나,
돈에 환장해서 19금 피할려고 교묘하게 만든 제작자나 감독,
허락해준 심사관계자,.
모두 동급으로 보인다."
4,그냥 우정출연용 영화.. 정말 재미없음.
2,"나는 이런류의 영화를 극혐한다.
마동석 팔뚝만 인정
코로나 이후 볼거없어 봤는데
혼자였다면 절대 안 볼  영화"
1,나만 당할 순 없지. 어서들 보게나...
6,음  관객수가 거품인듯  코로나완화 덕을 많이본듯  나쁘지는 않으나 장첸같은 매력은 떨어지고 1의 마동석은 보이지않았다
2,"무슨 영화를 액션은 그렇다치고 너무  코미디영화를 만들려고 억지로 웃길려는게 좀 그러네..
1편보다 잼없었음.."
6,"1편보다 나은 2편은 없다는 걸 감안해도 솔직히 실망스러웠습니다. 

시나리오가 탄탄하지 못했고,
1편의 톡톡 의외성이 터지는 내용도 없었고,
유머코드도 너무나 진부하여 다음 내용이 너무나 예상되고, 
역시 예상대로의 유머코드가 나오는 등. 
준비성이 소홀하지 않았나 싶습니다. 

저와 제 집사람은 단 한번도 편히 웃지 못했습니다. 
볼만 한 액션 그 이상도 이하도 아니었습니다. 

손석구의 열연 말곤 그닥 추천하지 않습니다."
1,"1편이 몇배로 잼잇다
2편은 코로나 땜에 재수지 내용 뭐 다 별로인데"
4,"마동석 ..좀 늙은티가...
터미네이터 3 보는듯...늙은 아놀드형님..."
7,"1편은 명작이었다. 2편은 글쎄~.   스케일, 캐스팅, 스토리는 그럭저럭, 그러나 장면전환, 등장인물들의 페이소스, 마동석의 유머러스가 제대로 담겨지지 않았다. 초보감독의 연습작 수준,  명감독들의 영화를 진지하게 보고 좀 배워야 할거 같다. 감독의 수준 미달~"
8,1편을  넘었다. 대박!
10,개재밌음
9,"마동석표 시원한 액션을 보고  왔습니다
손석구는 악당 그자체였어요
연기 참 잘하네요~~"
3,"역시 조선족이 나와야 스릴있지..ㅎㅎ
액션이 과하고
전편이 너무 잔인해서 떳지만 비슷한류라 별루~~~
죽었던 인간은 왜 살아나서 코믹배우로 바뀐거냐교"
3,"그냥저냥 전개가너무번하고
시간때우기용"
7,"장첸이 셌어. 진짜 같았거든.
근데 강해상은 연기를 하더라?
손석구가 연기를 못한다는건 아니다.

아무래도 장첸이 워낙 강렬했고
진선규, 김성규, 허성태, 박지환의 
케미가 셌다."
10,재밌게 보고 왔음  윤계상  없다고  걱정 안하셔도  될듯
10,"보는 동안 저까지 아드레날린 샘솟는 느낌이고 
마지막 장면은 진짜 멋있고 통쾌했습니다
또한 1편이랑 같이 곳곳에 웃음 나오는 장면들이
참좋았어요 그리고 마지막으로 주먹에서 총소리 난다고
했는데 보고 나니 이해가 확 됐습니다 
진심 다음편 기대됩니다 아참 오마주도 좋았어요 굿"
9,때리다 말고 영화가 시시하게 끝나네
10,어제 너무재밌게봄요 조연분들연기도대박 마동석 최귀화 손석구 모두 연기굿이였어요^^
10,두번 보세요
10,천만 미리 축하드립니다
10,"첫 나들이에 범죄도시2  너무 상큼하고  깔끔하니 좋았어요~~
박수쳤습니다~
칙칙하지도 않고 속시원하고 박력감있는 마동석 배우님과 손석구님도 좋았어요.
통쾌함과 유머까지 굿이였습니다~^^
응원합니다~~ 마동석님 화이팅!!"
8,2편중에 최고의 평점을 주었다.
10,"마동석 영화가 표값은 한다는 걸 보여준 것 같고 
거의 같은 멤버에 빌런으로 손석구 하나가 들어간 건데,
금천구보다 베트남 가기가 더 무서워졌다는 ... 

장이수도 꼭 범죄도시 3까지 가자!!"
10,잔인하지만 범죄소탕 시원하네요. 대사때문에  한번씩 빵 터지고. 잘 봤습니다.
10,천만 가즈아~~~
10,2도 재밌다
10,후속편도 정말 잘 만들었네요.. 최고
10,"처음부터 끝까지  스릴먄점에  넘 웃기고 잼있다
다시 보고싶네~~"
10,잘 만들었어요
10,통쾌하면서도 재밌네 ㅎㅎ
10,시간 가는 줄 모르고 봄. 3편 나오면 봐야지
10,"손석구 매력있네요!
마동석 여전히 믿음직 합니다! 액숀  시원하니 스테레스  뻥하니  날아가네요!!"
6,마동석빼고  형사들 하나같이  이상하네 ㅋ
10,보는 내내 너무 재밌었어요 ㅎ 꼭 보세요~~
10,1편도 재밌지만 2편이 더 재밌네요~
10,이 영화의 속편은 100% 성공임 처음에 15세로 제작된다고 했을때 좀 걱정됐는데 영화를 집접 보고 나니까 그 걱정이 살아지고 오히려 더 좋음 ㅋㅋㅋ 손석구 악역연기 미쳤다.. 이번 범죄도시2로 손석구 배우 엄청 뜰 것 같음
10,역대급 영화임 ㅋㅋ
10,언제 개봉야..첫날 볼건데..마동석 넘 좋아..남자로쎄~~
10,폭력물로 19금이어야 함
6,재미를 떠나 그런 미치광이 범죄자는 현실 상 있을 수가 없다 흉악 살인광들이야 얼마든 있지만 저건 특수부대 킬러들을 능가하는데 영화 결론은 마동석 영웅 만들기였습니다 미국인 마형 홧팅!
5,"8.5면 명작의 반열에 올릴 영화란 말인데…
해외로 나가서 싸워야 스케일이 더 커지는건가?
잔인할수록 더 강한 인상을 남기는건가?
그저 정형화된 기존의 범죄소탕 형사물을 마동석 덩치처럼 벌크업 시킨듯 할 뿐

차라리 요즘 누구도 무서워서 감히 못건드리는 예비 조폭인 중고딩 일진패거리들을 
물러터진 법과 무기력한 학칙과 무책임한 학교와 몰상식한 부모와 열받게하는 현실성을 초월해 초주검 되도록 패서 잡아들이는 영화를 만들면 훨씬 더 시원함이 느껴질텐데 말야"
10,"가족과 함께 관람했는데 일부 잔인한 장면도 있었지만 스트레스 확 풀리는 영화입니다 ~
30대이상 남녀 직장인에 강추합니다^^"
10,시간가는줄 모르고 봤습니다.손석구님 범죄자 연기 진짜 짱
10,오랜만에 재미있었네~ 손석구 배우님 연기 멋짐
10,믿고보는 마동석
7,"드라마나 영화는 스며들듯 물흐르듯 다가와야 하는데
좀 억지스런 1편의 답습과 매끄럽지 못한 연출이 흠이었음
3편부터는 나의 해방일지 처럼 사소한 장면 하나하나에도 스며들듯 다가오는 묘사 바랍니다"
10,"몸이 힘들정도로 공포긴장도 올리다가 코믹으로 풀어주고 시간 가는줄 모르고 봤네요~^^

다만 한국영화 음질은 여전히 개판.
목소리 째지고 중고음이 귀를 찢어버립니다.
  (송도 메가박스 )
한국영화 음질 좀  한단계 도약 합시다~!!!"
10,no review
10,너무 재밌어서 2번봤어요 내리기전에 한번 더 보고 싶을정도로 시간 가는줄 모르게 전개가 되더라구요..우리의 구씨는 여기서도 존재감 팍팍이었고 대체불가 마블리의 한방은 통쾌했네요
8,"회장과 삼합회를 너무 쉽게 보내버렸다. 보이지 않는 거악이 있어야 3도 기다려지고 이야기 구조도 알찰텐데 
조금 아쉽네. 마형사 펀치는 시원하더라. 길가메시 보다 쎄던디 ㅎ"
10,1편생각하지안코 보면 볼만함
10,일단  제미나게봤고여  강해상어잡히더라구여 결국엔
9,어제 쥬라기 메뚜기월드 보고나서. 마눌님이 범죄2 다시 보고싶나고 했음.
10,빵빵터짐. 처음에는 뭔가 연기가 어색하다 싶었는데 다채로운 캐릭터들의 향연. 아무리 나쁜놈이 나와도 마석도 뒤에 숨어서 보는 안도감
10,.
10,굿
10,"진짜 말이 필요없다.

처음부터 끝까지 잡생각 1도 
할틈없이 집중해서 보게된다.

1편보다도 재밌다는 사람들이 너무많아서 
기대 잔뜩하고 봤는데도 간만에 영화관에서
재밌게 잘봤다."
10,믿고보는  마블리
10,오래간만에  시간순삭 하는 영화를 봤네요
10,손석구님 연기 정말 최고였습니다. 영화 끝나고나서도 손석구님밖에 기억이 안날 정도로 정말 훌륭했습니다. 화려한 액션과 속도감 있는 전개로 정말 시간가는줄 모를 정도로 재밌었습니다. 오랜만에 정말 완성도 높은 한국영화가 나온것 같습니다. 정말 재밌었습니다.
8,"시간는줄 모르구 봤어여..
쫌마니 움찔..눈가리구 
잔인함폭력적시각음향효과쫌 쎔ㅠ
연기력 손석구대단함.  
음..마동석은 눈빛과 몸으루 다함..
욕진짜 마니 나옴(신발ㅋ)
이게 15세관람? 의문.."
10,"통쾌.상쾌, 굿!"
10,최고 !!!!
6,조금 더 시끄러워진 주먹놀음
8,"1편 못지 않은, 어느 부분에서는 1편을 넘어서는 속편이다. 반갑다. 쓸데없는 군더더기는 쫙 빼고 마동석을 중심으로 호쾌하게 달려간다. 장첸을 넘어서는 강해상의 손석구도 놀라운 캐스팅이다."
10,"페미들이 쿵쾅대는 영화가 죄다 성공하는건 왜일까?
산불 끄는데 여자가 안보이는건 당연한거고, 영화에 나오는 여자가 적으면 여성혐오냐? 엔간히해라 이 폐기물들아~"
9,"1편이 워낙 좋아서
2편은 아니겠지 했는데 
2편도 못지 않게 훌륭하네요 
마동석 시리즈의 최고봉인듯 
벌써 3탄이 기다려짐"
10,잔인한 장면은 있지만 재미있었어요   3도 나왔음 좋겠어요
9,"오늘 다접고 극장간다.
마동석의 한방 보고싶다."
7,"진지함은 사라지고 그자리에 코믹이,, 장첸을 능가하지 못한 강해산의 분전,, 전편의 어두움이 그립다..."
10,"배우들이 연기를 잘해서 마동석이 빛나는 영화
영화를 잘만들었는데........ 
진선규 배우가 안나와서 아쉬웠음"
10,윤계상 나오면좋은데 진선규도 나오면좋고
7,"오락 영화로는 온갖 재료가 잘 버무려진 맛있는 섞어찌개...
다만 이걸 청불이 아닌 15세 관람가라니 낭패~~"
6,"사실 1편은 10점을 줬는데, 2편은 1편과 별 다른것도 없네요.
있다면 좀 더 잔인하다는것. 왜 15세이상 관람가 일까요. 이렇게 잔인한데
나오는 배우 약간 틀리고, 스토리 비슷하고
3편도 나온다는 말이 있던데, 붕어빵 좀 그만 찍었으면."
3,"연기력, 각본, 유머감각 등등.. 포장만 범죄도시2지, 구성물은 전작과 완전 딴판이다. 올드해졌다."
7,18세이상 관람가 정도는 됩니다.
9,여윽시 마블링 액숀
5,"전편의 흥행을 상당히 의식해 연출한 듯.
전편은 청불이었으나, 후속을 15세 관람가로 낮춰 제작하다보니
공감대를 형성하기 위한 잔인함이 전편에 비해 약하고,
그러다보니 악역의 악랄함도 전편만 못하고, 마석도도  쓸데없이 착한 척함. 색깔이 애매한 영화."
9,"흥행 1등 공신은 최귀화,박지환 배우님^^
영화의 빈틈을 두 배우님이 완벽하게
채워준 느낌이네요.
최귀화 배우님이 3편이 빠진다니 아쉽네요"
8,범죄도시1 ? 범죄도시2 ... 2 스토리가 더 낫다는 놈은 누구냐 ... 모든면에서 1의 승리
8,1편보다가벼운느낌. 부담없이볼만한느낌. 굉장히 재밋게봣으나 내용물이 별로없엇음. 플롯은 일편보다엉성한듯?
8,"범죄도시 본 시원한 느낌을 얻고 싶어 
영화관 갈시간이 없어 집에서 11000원주고 관람했다.
예상대로 마동석의 슈퍼맨을 봤다
집에서 55인치 티비로 볼만했다"
1,그레이맨 보고 이거 보니까 애들 장난같네ㅋㅋㅋ
1,글쎄.....추격전이나...내용이나....
7,볼만한데 1편만큼 재밌지는 않네.
9,"내가 누군지 아니
장첸이야"
5,시리즈의 가능성은 충분하지만 전편만 못한 속편
9,"와~~손석구 ~~ 연기죽이네..ㅎㅎ
추격자에 하정우삘..."
6,소문에 너무 기대했나...코로나시국에 다들힘들었구나...극장개봉 타이밍이 좋았네..
1,"얼마전 부터 칼이 난무하는 한국이 되었고, 이영화는 또다른 도화선이 될거다 ,

그런데 , 칼을 영화에 나온 것처럼 쓰면 쓰는 자의 손가락도 날라간다네~~~"
1,그닥..
8,"1편에 비해 액션은 업, 웃음은 다운"
7,천둥벌거숭이 같은 범죄자들에게는 마석도 형사가 약이지.
9,"나의 해방일지를 통해 처음 그 진가를 알게된 손석구....이 드라마를 정주행하게 만든 멋진 배우인데 이 ""구씨""한테 완전 빠져버린 내 여친덕분에 범죄도시2와 구씨가 나온 전작들을 다시 찾아보게 됏네요 ㅎㅎ"
7,킬링타임용 으로는 최고
10,"몇년만에 정말 재미나게 영화봤네요~
내가 쪼아하는 마동석.♡손석구. 님 땜에 더 잼났어요~"
8,"범죄도시1은 장첸의 연기와 오른팔,왼팔들 연기들 그리고 탄탄한 스토리들이 있는 반면 , 범2는 손석구 하고 마동석, 장이수 둘의 연기로 보는맛. 아 손석구가 서울말 말고 다르게 좀 더 표현 했으면 좋왔을듯.. 카리스마와 분위기는 좋왔는데 장첸의 조선족 말투와 
괜시리 비교됨 근데도 재밌게 보고 왔습니다~~!"
10,스트레스가 쫙 풀린다
9,"영화 참 재미있게 보았어요 
마동석의한 마동석만 할수 있는 맨주먹 액션
구씨 아니 손석구님 연기도 참 좋았어요 세상에 정말 나쁜 사람
실제 사건 모티브 했다는것 실제는 정말 잔인햇을것예요"
10,완전 웃기고 통쾌하네요!!
9,오랫만에  액션 유머가  섞여 재미있어요~
10,"마동석이 원래도 큰데 살이 더쪘네..ㅎ
별다른 예고나 프리뷰 이런거 안보고 가서 봤어요. 그냥 그래도 엄청 재밌게 볼 수 있는 영화일것 같았음.
그리고 그게 맞았음. 어지간하지 않으면 영화 중간에 한번쯤은 조는 적이 많은데..
졸 이유도.. 졸 부분도 없는.. 왜케 잔인한데도 통쾌하고 웃긴거야..
속편의 우려를 말끔하게 씻어낸 영화!
근데 다소 우려되는건 3편 제작 들어갔다던데.. 이제는 이것에 적응해버려서..
조금은 뻔한 캐릭터나 예상되는 스토리들이 생겨버려서..
3편에서는 그런 부분들을 또 요리조리 잘 해쳐나가야 뻔함을 피할 수 있을 것 같아요~
석도도 히어로보다는 사람이라는걸 보여준다거나 식으로.. 암튼 범죄도시2 기대충족이요~~"
8,쉬는 타임없이  쭉ㅡㅡㅡㅡㅡㅡㅡ욱   재미는 있는데  잔인한 장면  이 많이 있었다    마동석  더늙기전에  영화 더찍으시길
10,와..
10,재밌네용
10,"너무 재밌게봤네요
또 보고싶지만 잔인한장면이 많아 패스"
10,나쁜놈은 잡아야 맛이지
9,좋았어요
10,"역시 영화는 극장에서..타격감...끝내줘요~~~
누구도 흉내낼 수 없는 마동석표 액션과 코믹...
코로나19도 함께 날아갔으면 함"
10,누가 5냐! 으하하하!
9,이렇게 주인공이 걱정 안 되는 범죄물은 처음. 니들 마석도가 뉘긴지 아니? 길가메시야!
10,"액션, 유머  시간가는줄  모르고  너무 재미있게  봤습니다  해방일지에서  손석 구배우을  알았는데 이렇게 연기 잘하는 배우인줄은...^^"
10,"오늘관람,, 잘만든 영화임 ..손석구연기자님 연기정말 훌륭했습니다.."
10,"코로나 풀린지 얼마안된 이시점에서 나오는 올해 한국 영화중 스타트를 기분좋게 잘 끊어준 영화라고 생각합니다. 액션도 전편보다 늘었고, 연기도 말할것도 없으며 앞으로 나오는 범죄도시 시리즈가 잘풀렸으면 좋겠네요."
8,마동석의 시원한 펀치가 멋지네요ㅋㅋ
10,유머와 액션이 조화롭게 어우러진  영화..1편을 뛰어넘는 수작이라고 생각됩니다.강추
10,"감독님 범죄도시 시리즈로 나왓으면 좋겠습니다~~
경찰분들도 1편때 나왔던 분들이라 너무 좋았습니다!!"
8,"처음엔  좀 인상이 구겨지는 느낌이 있어 이런 잔혹성이면 15세 관람으로 해도 되나 싶었음.
나중에 한국에서 전개되는 액션과 약간의 유머로 집중도가 오르기도 했다.
영화 찍다가 배우들 안 다쳤나 모르겠다.
암튼, 웰메이드는 아니었더라도 볼 만 하긴 했다."
10,시원시원하다 영화는 이래야지
9,"러닝타임 내내 지루한 장면 1도 없고
스트레스 해소용으로 굿♡
해방식구로 봤습니다"
8,"마동석이 마동석한 영화 타격감 너무.시원했음
요즘 대세 손석 구씨 해방일지와의.시너지효과
매력적인 빌런 !
장첸보다는 다소 약하긴했지만 연기력이 받쳐줌
 박지환 (장이수) 살린건 잘했음 ㅋㅋㅋ 
전체적으로 1편보다는 조금 아쉬웠던 느낌 !그래서 8점"
10,너무 잔인해서 눈돌리고 봄...그래도 나름 지루하지 않게 봄
10,"마
동
석"
9,재밋다!!! 속으로 1편보다 재미없을테지만 마동석이니까 평타만 쳐라하고 생각했다. 그런데 초반부터 재밋길래 평타는 치겠구나 했는데 끝날 때 1편보다 확실히 더 재밋다고 느꼈다. 주관적인 거니까 최소한 1편 만큼 재밋다고 생각하면 된다.
10,"원보다 투가 재밌긴 쉽지아는데....실망스럽지 안은 시리즈가 나왔네요.....
마블리의 속시원한 액션....후회업는 선택...어여들 고고씽~~"
10,다음 편도 보고 싶다.
10,1편보다 훨 재미있음. 오락영화가 재미 있음 장땡이지
10,"배우들의 더 재밋는 애드리브와 더 풍부해진 액션들 너무 잘봤습니다. 이번엔 배우들의 애드리브 승부 인줄 알앗습니다.ㅎ
범죄도시3까지 나올 예상이되는데
3까지만 나와주시면 감사하겠습니다. 향후 2  3년뒤 ㅎ"
10,"아주 그냥 속이 뻥~~ 와우 너무 재미있습니다.
3편도 꼭 부탁드리겠습니다.
출연진 모두 어쩜 그렇게 자연스러운지"
10,재밌다는 말은 많이 들었지만 진짜 재미있을 줄 몰랐음!
10,"3년만에 영화관 ~^
너무재밌고 유쾌했네요"
10,인생은 이렇게 시작하는 기야 ㅋㅋㅋㅋ
10,"60대 할머니 40대 엄마 고3 딸이 봤는데 셋 다 
재미있다 했고 엄마는 마동석 별로였는데 너무
매력있는 배우라고 좋아하셨음 딸래미도 나도
웃느라고 죽을뻔함"
10,1편을 너무 재밌게봐서 극장가서 봤는데 역시네요.보는 내내 시간이 어찌나 빨리가는지 아쉬워서 혼났어요.3편도 기대됩니다^^
10,"오랜만에 보는 한국영화!!
전편만큼 재미있어요"
10,"손석구님 포커페이스 완존 멋지셔♡ 기대해볼 배우십니다
영화는 너무 잼나용♡"
8,전편보단 박진감과 긴장감이 넘친다
10,손석구 보려다 그래도 여기선 마동석!
10,마동석이 장르다  손석구도 새로운 장르가 될 배우인듯
10,와 대박! 범죄도시 2  대박임!! 솔직히 2편이상 나오는 영화들은 기대를 잘 안했는데 이건 진짜 1편을 훨씬 뛰어 넘는 영화임!! 진짜 액션 대박임!! 속이 쉬원해서 영화와 스파링 한판 뛰고 온거 같음???? 영화를 만들려면 이렇게 만들어야지...액션하면 장혁이였는데 강릉 영화에서 액션 별로 없어서 실망했는데 범죄도시 2 강추임!!!! 이젠 마블리 마동석 형님이 액션하면 1등일듯^^* 이 영화 안본사람이 부럽다ㅠㅠ 영화관가서 또 볼 수 있으니!! 재관람 또 하고픈 영화 입니다^^*
9,1보단 뭔가 긴장감 몰입감은 덜 하지만 액션 등 또다른 재미와 내용으로 나름 재미있음
10,실컷 웃고 왔어요~~잼 있어요~~
10,1편을 뛰어넘는 2편이라니. 그 쉽지 않은 작업을 해낸 출연진과 제작진 분들 엄지척!!자연스럽게 3탄도 기대해볼 만한 작품이 되었네요 행복합니다ㅎㅎ
7,.
10,재밌슴 ㅋㅋ
10,오늘봤는데 완전재밌어요.
10,졸잼
6,.
8,"몰입감 좋고, 통쾌하고 재미있습니다. 다분히 폭력적 액션입니다. 아 모 근데... 어리다 싶은 애들은 그냥 동안인거 겠죠...그렇다구요."
8,"손석구 캐락터 약해.
나머지는 환장케미"
3,15세이상이라는게 이미 내용보다 고딩들 호주머니 노리겠다는 심보아니냐
10,맞다가 죽을거 같으면 벨을 어떻게 눌러 ㅋㅋㅋㅋㅋ
10,내가 안나오는데 그것까지 알아야되니?
10,음문석배우님 너무기대됩니다~~개봉하면 고고할께요~^^
10,1편 완전 빠져서 감상하느라 2편 엄청 기대하고 있ㅈ습니자.이번에도 나쁜놈들 신나게 혼내주십쇼~^^
10,믿고 봐야죠!!
10,"영화가 나오기도 전에 평점 10점..... 오ㅐ냐구???  
마동석이 나오잔어~~"
8,ㅎ
4,"뭔 15세이상이 이렇게잔인하냐. 상영내내 칼로 슥슥베는소리, 핏자국난무"
7,그냥 살인마와 경찰 얘기. 시간 때우는 액션영화로는 괜찮음
5,"잔인한것도 한국스럽네. 

짜고 매운 김치를 많이 먹어서 인내심이 부족해서 그런가?"
6,솔직히 재미는 있다. 허나 여운은 제로. 좋은 영화는 아무리 오락 액션 영화라도 여운이 있지. 이건 여운이 없더라.
1,마동석...머리  검은 미국놈 돈 리.군대 안갈려고 19세에 미국으로 토낀놈.유승준이 황당하지 이런놈 보면.영화라고는 칼로 찌르고.쥑이고.깡패 영화로 돈  버는 우리 아이들에게 백해무익한놈.
6,지루하다가 한번쓱 터지는 타격감
7,1편의 내용을 고스란히 옮겨둠 배경이고 뭐고 도끼는 또 다시 나오고 ...비행기는 버스로 자동차 액션은 빌려서 타는 씬으로 복붙..1이 소재면이나 내용면에서 훨씬 퀄리티가 있음 나쁜녀석들처럼 뭔가소재가 다름이 있으면 좋을 거 같음 잔인한 것도 크게 없으나 죽음에 대한 공포또한 없음 너무 쉽게 죽이니까 마동석을 위한 영화
7,...
7,1이 너무 강했군...
7,"2가 1 두배  관객수들 정도인가?  많이들 고프셨구만 
난 오히려 1인  2보다 두배는  더 나은거 같은데 
뭐  취향은 다 다르니 존중은 하는데 ... 
재미는 있는데 1이 원체 쌔서  .. . 장첸 이 대단한겨 
난 1.2  차이가 좀...큰데..."
10,"폭력적인 영화 별로 안좋아하는데 재밌네요, 쫄깃했어요
마동석이 인간미있어서 괜찮은듯,,
마동석은 한국형 히어로, 헐크 같네요
계속 시리즈로 나와도 재밌을듯요"
9,손석구 몸매 머임...완죤 안구정화 ??
10,"신랑이랑 오늘 보고 왔어요 대박 쉴틈없는
내용 너무 시원 시원 하게 봤습니다
모든 배우들 멋집니다
마동석님 파워 굿 
코로나도 날려주세요♡♡♡"
10,"박진감 넘치고
짜임새있고
지루하지않은
지금까지 본 영화중에
최고입니다??????

앞으로도 좋는 영화  응원합니다!!"
10,액션의진수그자체 스트레스확날라감 시리즈로계속가길바램...
8,시나리오상 장첸만큼의 악역은 아니었던든  없었던듯...그래도 언제봐도 마동석 액션은 시원하다.
10,재미있네요~
8,잔인한데 마동석 나오면 시원한 타격감이 여름 영화에 딱이었다
8,어찌되었든 보고나면 스트레스는 풀리고
10,유쾌! 상쾌! 통쾌!
10,"마동석 손석구 연기 지렸슴.
내용도 재밌고.. 액션도 너무 시원하고 재밌었슴.
코로나19 요놈도 마동석 한방에 날려버렸음 좋겠다는 생각 ㅋㅋ"
10,효자 장이수 어머니 업어드리고 칼맞는 것보고 넘 가슴 아팠는데 살아있다는게 사실인가요?
10,홍기준 배우 안나와...아... 일에 쪄든 형사역으로 진짜 딱인디...
10,너무 재미있게 보았다
7,미정이가 걱정되는 구씨의 폭주.....끝.
10,선평점 후관람
9,두시간 순삭~ 웃다보니 통쾌한액션보다보니 빌런손석구 잘하네요~~10kg벌크업 대단  말해뭐해 마동석 액션 와~~
9,1편이 무겁고 진했다면 2편은 가볍고 얕으면서 웃음과 통쾌함을 주려고 한거 같다.. 취향따라 갈릴듯하지만 마동석의 매력은 여전하다.
10,와~너무나 잘 보고 왔네요 많이들 보러 가세요~^^
9,시간가는줄 모름
10,잼나게 봤습니다
8,남문철 배우님의 삼가 명복을 빕니다.ㅠㅠ
9,장첸이 없어도 재밌네
10,?? ?? ??
8,"잼잇게 잘 보았어요 
역시 마동석 ^^"
10,"동석이형  소주한잔합시다
연락할께요"
10,긴장감의 연속 잔인한 장면이 좀 있는데 적절한 재미있는 내용이 있어서 잘 보았습니다.
10,코로나로 인해 한동안 영화를 못보다가 모처럼 범죄도시2를 언니랑 잼나게 보구왔어요^~^ 역시 마동석 짱!!
10,.
10,터널에서  나오는 마블리  멋짐주의~!!
10,"넘잔인해서진지하게 보고싶지않은데
그나마 웃으면서 보아서 다행입니다ㅎㅎㅎ
대박나시겠어요ㅎㅎㅎ"
10,시간가는줄 모르고 봤어요 재밌어요!
10,"근래들어 가장 시원한 액션이었다.
최고였다"
10,"아~ 유쾌상쾌통쾌~~
그런맛으로 보는거죠!"
10,재밌다!!
10,두 말 필요없음 진짜 재미있어요ㅎㅎ
10,처음부터 끝까지 긴장과 재미가 있는 영화! 오랜만에 재밌는 영화를 봤습니다.
9,누가 5야?
10,꿀잼. 두번째 시리즈도 재밌는 영화는 드문데 이건 너무 웃기구 재밌었당. 캐릭터들이 하나하나 다 매력터짐
10,1편도 재미있지만 2편도 재미있게 잘봤습니다.
10,"버스씬에서의 발차기로 버스밖으로 팅겨져가는 악당,주먹이 불끈쥐어지더군요,대리만족으로 이어지는 카타르시스,,,직접보시죠☆☆☆☆☆☆"
10,"1편은  단순한 재미로 봤다면 2편은 생각하면서 보게되는 ㅋㅋㅋㅋㅋ 
근데 마지막장면 범인 때려  눕힐때  범인이 그러잖아요?
마동석에게 다 죽인다고 왠지  싸하던데...
혹시 탈옥해서 ..."
10,1편은 칙칙한 면이 있었지만 2는 통쾌 코믹이 더 앞섬.
10,1편보다 더 재미있고 유쾌하며 오락성이 높다.
10,"이거 필리핀실화를 모티브로 제작된거 알고 더 소름.
킬링타임으론 최고. 이제 마동석이 장르다."
10,너무 재밌었네요 ^^
10,"간만에 극장가서 잼나게봤어요
손석구님  연기쩌네요
범죄자들은 죄다 소탕하는 나라가 되길
다시한번 바래봅니다"
8,"갠적으로 난자씬이 많아서 좀 불편했지만 
중간중간 웃기고 재밌었음 마블리도 넘 좋구요"
10,간만에 잼나게. 봤네요.
10,장첸이 너무 강해서 속편이 재밌을까 싶었는데 왠걸... 너무 재밌었음! 1편은 약간 다크한데 2편은 단짠단짠이 쵝오! 나오는 모든 배우들이 다 연기를 잘해서 3편도 기대됨!!!^^
7,"1편을 베이스로 깔고가는 스토리..
액션과 웃음 쏘쏘
영화초반 최귀하. 후반에는 박지환이 살렸다.
손석구 물건이다."
8,마동석 멋진 배우! 전작 보다 더 잼있어요
9,오락영화로 굿
10,시원하다!!!
10,찐!! 잼나다
10,"너무재미있어요 
손석구배우님 연기는 정말 대단합니다
1편 장첸을 뛰어넘습니다
강추!!"
10,최고 입니다
10,꺽 보세요 ㅎㅎ
10,굿~^---^
9,강추 학생들이 보기엔 잔인합니다만 유머와 액션이 적절히 섞여있네요 재밌게 잘 봤습니다.
10,1.보다는 아쉽지만 그래도 잼있게 잘 밨슴.
10,"어제 보았는데   장첸  손석구 님 
색깔이  다르지만  재밌게 보앗습니다"
10,해방일지 구씨때문이라도  기대가 많이되는 영화네요
9,"적절한 타이밍에 적절한 완성도와 통쾌함으로 무장해

만족감 쩌는 한편"
8,잼나요 ~!
8,시원하게  잘 만들었다^
8,"1편보다,덜 잔인한데
역시.윤계상이.워낙.탁월햇단생각.~~~^^
주인공이.넘.착하게생김.
간만에.웃고 나옴"
8,no review
10,완전 재미 ^^
10,정말 재미있어요 꼭 보세요
10,"불법, 범죄에 대한 심판에 불만이 많은데,,, 국민들의 답답한 마음을 아주~~ 시원하게 뚫어 줍니다~!!!  
통쾌~! 시원~!  추천~!!"
10,잼있어용~엄춍 웃고왔네용 ㅎ
7,스트레스많은  요즘  제대로 날려주는 시원한 영화!  두말하면 숨차다!!  앞으로 계속 이어질 시리즈도 기대됨
10,액션 맵다  진짜 더 찰지면찰졌지 절대 청불때에 범죄도시에밀리지않는다 크흐~~~
9,재밋습   장이수
10,시원 시원하니 재밌내요
8,"강력반 경찰 1명이  교체됐네ㅡ
재미있는 아쉽네요"
10,1편에 버금갑니다
6,형만 한 아우 있다
10,잼나요 부담없이 볼수있고 마동석발 액션 좋네요
7,"타격감 하나는 쩌는 깔끔한 액션 범죄물, 유쾌하게 때린다."
10,범죄도시 1 도 개재밌게 봤어서 당연히 2 도 기대하면서 봄 와 기대에 완전 미쳤음 굽나 재미씀ㅠㅠ 보통 시즌으로 나누면 영화는 갠적으로 2는 다 평범했는데 범죄도시2는 1처럼 너무 재밌게 봄 초반에는 그냥 그럭저럭인데 보면 볼수록 재밌어짐
8,"마동석이 1때보다 살이 더찜
일부러 찌우신건가
지금보다 1때 몸이 좀더 멋있음"
8,그알 ㆍ필리핀 암매장 살인사건 모티브.
10,진짜 전편보다 더 재밌었어요 강추합니다 쬐끔 잔인한 장면도 있지만 재미가 더있다는사실ㅎㅎㅎ
10,"재밌어요 마동석 타격감 대박 
그냥 보세요 ^^"
10,"조금은 잔인한 컷이 있긴하지마  잼납니다
손석구가 살였내요  잘밨습니다"
10,1탄 넘 재밌게 봐서 기대 안했는데 재밌음
10,완즈이 시원한 영화
10,"장이수 너무 좋음 ㅎㅎ장첸흉내 좋았고 
악역울 아무리 잔인하게 묘사해도 장첸을띄어넘을수가 없었지만 좋았어요"
8,아…뭔가 뭔가 2프로 부족하다 했더니..음악이 모그에서 김태성으로 바뀌었네……범죄도시1처럼 음악이 영화전반을 흐르는게 아니고 너무 띄엄띄엄 나오더라…음악은 모그 가 나은듯
10,"좀 잔인함은 있지만 적당한 개그와 몰입할 수밖에 없는
스토리 , 강렬한 액션이 가미된 최근 정말 재미 있었던 영화인
것 같네요."
10,"액션의 쾌감

뻥 뚤립니다."
8,실화를 바탕으로 한 영화...
10,오랫만에 힐링했네
10,뻔해 그런데 재밌네
9,타격감  좋네요
10,범죄도시1이 히트친 이유를 정확히 이해한 감독님 칭찬합니다. 이것도 1처럼 여러번 볼게 될 듯 하네요
10,"시간가는줄 모르고
즐겁게 관람했어요..
또 보고싶네요.."
10,유튭에서 왜 안파냐 보고 싶은데...기대만땅
9,"아주 답답한 세상인데, 시원하네요."
10,이번에도 역시~
10,최고
5,말그대로 대박^^
10,"??최신 폴드3??에 다운예정
돈주고 구매  마동석 최고"
10,누가 5야?
10,"마동석형님 1편보다커지더니 더쌔짐.. 

정답은 역시 벌크업인가.."
9,좀 더 찌르고 베고 두들갸 패고 집어 던지고 꺽었으면 천만. 3은 사이비 양아치 상대로!
5,"1편과 다른느낌이긴하지만
시리즈로 만들만은  한것같다
3편찍기시작했다는데 
나오면 본다"
10,일단 나와봐야 알듯... 10점은 개봉하기도 전에 평점이 낮아서 주는 10점
10,"아유~ 범죄도시2 기다렸는데 인제 나오는구나!
범죄도시2도 관객 폭증 가즈아!!"
10,"아직 안 봤고, 아주 큰 기대는 않지만 평점 테러가 많아 10점..."
8,"볼만 합니다..시사회서  동석님도 보고..ㅋ..사실뻔한 스토리긴한대  시간가는줄모르고  계속보게됩니다..유쾌.상쾌,통쾌..보세요..후혀ㆍ안합니다"
10,"장첸처럼 약간 똘끼있는 캐릭이 더 무섭다
어디로 튈지 모르니까ㅎ"
10,재밌음
10,"동석형 영화는  시원시원함
재미도  있고~"
8,"조감독 하셨던 분이 감독으로 오셨네..
부담감 쩔 듯...ㅋㅋㅋ
무척 기대됩니다"
7,no review
2,"아 윤계상 없는거 그렇다 쳐도 감독까지 다르면 심히 걱정된다..
성난황소꼴 날거같다"
1,너무 잔인하고 끔찍하다 한국영화는 꼭 이렇게 칼로 너무 잔인하게 죽이고 욕하고 하는장면으로 채워져있을까
3,"쓸 데 없는 효과음, 고무 도장 한번 짝는소리에도 그런 효과음이 필요 한 가 ? 소리만 요란하고 크면 오버액션 인걸 모르나 보다.출연진의 껄렁껄렁 함이 영화를 더욱 싼 티 나게 한다.무적에 가까운 마동석을 쫌 가볍게 표현(원래 그런지도...) 함으로 전체 영화의 질이 3류 정도 ? 오히려 조연의 배우들이 더 묵직하고 인정되는 연기. 오락영화 인가 ? 액션 영화 인가? 욕만 하면 강해 보이나 ? 3류 양아치 스런  경박 스럼과 건들던들의 연기는 좀 더 고려 해 봐야 할듯하다.권선징악의 뜻을 담았다면 좀 더 묵직하고 오버하는 효과음이나 경박스런 경찰들의 연기는 좋게 생각해도 시간과 돈이 아깓웠다."
6,"1000만 관객이라기엔 진짜 거품
탑건 매버릭이 연기되면서 타이밍이 좋았던것 같다
1편은 분위기도 르와르같으면서 정말 살벌했는데 2편에서는 그런 분위기를 전혀 찾아볼수가 없음
전혀 웃기지 않은 대사들이 많은데 솔카 웃기지도 않고 말야. 마지막 ""티나요?"" 이게 그나마 웃김
그리고 빌런도 약하고 조연이 별로 안보임
1편 장첸의 카리스마는 절대 따라올수가 없음
장첸 부하들이나 황사장, 독사 등등 조연들이 빛이 났는데 2편은 오로지 구씨
그것도 마동석에게 일방적으로 당하는 최종 빌런이라..."
6,"기대보다 그냥 그래서 아쉬웠습니다.
뭔가 배우들의 연기는 어색했고, 장첸의 카리스마를 손석구 배역의 캐릭터가 따라가진 못했네요. 마형사의 인상적인 액션 또한 1편의 재탕같아 신선함이 없었습니다. 감독이 1편과 달라서 좀 걱정했었는데 거기서 오는 차이였나봅니다. 전체적인 분위기가 코미디로 이끌어갈려는 강박이 있어서 억지웃음을 이끌어 내려던게 작품의 완성도를 갉아먹은게 아닌가 생각합니다. 3편에서는 좀 더 신중하게 시나리오를 개발하길 바래봅니다"
7,"1편에 비해 죽음을 너무 가볍게 다룬 것 같다.
너무 코믹함을 버무려버려서...
1편이 더 재밌었다"
9,"하, 누가 2편은 1편보다 별루라 했나
유머와   액션   너무 재미있게 봤어요 ^^"
10,"3편도 기대됩니다 !
마블리 포에버"
7,개연성이 부족했다. 차라리 아들을 잃은 아버지가 보디가드와 실력자를 이끌고 베트남에 가서 아들의 유골을 접하면서 복수를 다짐하는 장면이 필요했다고 본다. 그후에 손석구를 찾아서 전쟁을 치르고 마무리를 하는 상황에 마동석이 등장해서 마무리하는 게 더 낫지 않았나?
10,많이많이기대할께요
8,범죄도시1 재밌게 봐서 2도 기대되네요. 빨리 보고 싶어요.
10,"휘발유랑 장이수 나올 때 너무 반가웠어요. 오동균 형사는 1편 때 잠바 계속 입어서 좋았고요. 
15세인 게 염려되는 거 말고는 다 좋았어요. 괜히 천만이 아니네요."
10,최근에 극장에 가서 범죄도시2를 보고 왔습니다 보면서 느낌점이 범죄도시 특유의 분위기 연출과 중간중간 웃음포인트들이 모여있어서 재밌었고 액션신도 엄청나게 인상에 남을정도로 재밌었습니다.
9,"스트레스 해소됨. 악인 캐릭터가 흥미를 돋게 했어요. 마동석  배우의  액션 파워는 정말 이지 제  심장을  두근거리게 만드네요.  마동석 배우의 액션영화는 한국 액션영화의 한 장르가 되었네요.  
누가5야!는 거북이달린다를  떠오르게 하네요."
10,좋아요
10,"잼어요
그냥 웃으세요
다만
평등 차원에서 여성 출연진도 넣어주세요"
10,1편보다 재밌고 어두운면이 많은 전편에 비해 이번편은 코믹스러운 면이 많아져서 더 재미있었습니다
10,"역쉬 마동석!!박지환!!최규화 짱!!
ㅜㅜ손석구.  이런 역활 다시는 하지 마시길 
퇴폐미가 있으나 ㅋㅋ 넘 싫음 
빨리 나와라~  조선명탐정. 이후로 진짜 많이 웃었다"
9,"영등포에서  보고  왔는데 10시가 넘은 시간이였는데도 많은 사람들이 관람을 하기 위해 대기 중이였다. 관람후 조심스럽게 평가를 하자면,우선 정말 재미 있다. 정말 2시간내내 웃었다. 그렇지만 아쉬운 부분도 있었다. 우선 전작에 비해 조연들의 부재가 심하다. 전작에는 메인 빌런 장첸 말고도  위성락. 양태 조사장 독사등 다양한 매력을 가진 조연들이 많았지만 여기서는 메인 빌런 손석구에 너무 집중이 되여 있다. 또 전작의 재미 있는 매력있는 대사들 행동들이 이번 편에도 그대로 나온다. 물론 그것들이 억지로 끼워 진것이 아닌 자연 스러운 장면으로 들어가 있지만 전편에 비해 새로운 매력적인 대사들이 나오지 않는 것이 아쉬웠다.
하지만 그럼에도 불구하고 2편을 강력 추천하는것은 정말 통쾌한 장면이나 액션신 코믹면"
7,솔직히 1편보다 재미없어요. 그냥그래요 손석구의 빌런역 나쁘지않았어요. 근데 후반갈수록 너무 약하고 존재감이 없어요 잡범수준. 장이수 돈가방싣고 가는 차를 어찌알고 불쑥 나타나 차를 박는지ㅋㅋ 번호판외웠니? 게다가 유머도 욕하지마 한국말 다 알아 외엔 별로 없고
6,"잘봤습니다 근데 한가지 좀 너무 억지스러운게 
한국에서 킬러 프로선수 다수 보냈는데 
프로킬러선수들이 그렇게 약한가싶다 
사람만 전문적으로 잡는애들인데
그리고 하루에 몇백 몇천억 굴리는 기업회장이
왜총도없고 킬러들이 그냥 총들고 쏘면되는데
사시미들고 허우젓허우적 그냥 
앞으로는 현실영화만들면좋을듯
진짜 킬러들은 걍 총들고다님 여러명이때로몰려와서 사시미 가지고 웃겨죽는줄 너무 현실성 떨어짐"
5,"1편이 너무 강렬했음,   나쁘지 않았으나  1편보단 못함.
장첸이 너무  쎘다.  장이수가  큰일했음"
10,"1편 보다 나은 2편도 있군요
장첸보다 더 한 놈 강해상"
6,1편을 못따라가
10,"영화나오면 무조건  영화관 직행합니다

화이팅"
10,"손석구 처음봄
눈빛 말투짱!!!!!!!
믿고보는 마동석 액션

간만에 쫄깃쫄깃한 영화봄"
8,"오늘 탑건 보러 간 김에 1시간 쉬고 관람. 1편이 낫다, 2편이 낫다 평이 갈리던데 개인적으론 1편에 한표. ""내가 5"" (영화 본 사람들은 알 것임ㅋㅋㅋ) 마무리 엔딩씬을 잘 찍은 것 같음"
9,"영화는 좋은데
15세는 아닌듯"
9,재미있어요. 오랜만에 스트레스 확 풀린기분입니다~~
10,"대한민국 역사상 이렇게 통쾌하고 시간순삭 범죄액션 영화가 있었냐~
진짜 너~~무 재밌게 봤다 전작도 2편도 둘다 똑같이 재밌다
헐리우드에 리셀웨폰 시리즈가 있다면  대한민국엔 범죄도시 시리즈가 있다
쉬지 말고  시리즈10편 이상 꼭 만들어주세요~!!!"
10,마동석이 장르다
10,"소수들의 세상을 위한 개돼지들러리 세상이 자리잡아가는구나 개돼지들은 드글드글 몸집불려 주며 똥꼬 헐때까지 빠느라 바쁘고
동석이는 신오브신이네 영화에서^^"
10,"경기도에서는 일꾼인 내가, 베트남에서는 웨폰마스터?"
9,굿
8,소화가 안될 때 보세요
10,일단 봐^^ 재미있음. 마석도 애드립이 과해서 좀 그런데..전체적인 스토리가 죽여줌^^
10,"시간가는걸 모를만큼 재밌게 보고 왔어요
코로나19  이후에  처음 또  좋았나봐요~~"
10,전작보다 재미지네
10,재미 있음  역시영화는  극장에서
10,시간순삭~~
10,웬만하면 10점 안주는데 이건 10점 충분한 영화다. 마동석 손석구 연기가 어색하지 않고  할리우드 영화보다 훨씬 완성도가 높다 코로나만 아니면 1000만  능히  넘길텐데.. 강추 무비!!!
6,볼만운 했지만 시리즈는 2편으로 끝내시길~
5,1편보다 많이 처진다.
1,"SF 영화는 꿈도 못꾸지!!! 

이제는  깡패 영화 좀 그만해라 !!!"
10,"현실에서도 쓰레기같은 범죄자들 마형사처럼 때려 눕혀줬으면 좋겠다.
재밌게 잘 봤습니다.
한가지 아쉬운건 마지막씬에서 더 많이 줘패줬으면 좋았겠다는 생각이 들었어요.
좀 적게 두둘겨패서 약간 아쉬웠음 ㅎㅎㅎㅎㅎㅎㅎㅎㅎㅎㅎㅎㅎㅎ"
8,"잼있음...오랜만에 시간 가는 줄 모르고 보는 영화
단, 1편 장첸의 카리스마에 손석구가 살짝 못 미침.
손석구 대사가 의외로 많아 도움이 안 되는 듯.
이런 악역은 서사도...대사도 없어야 함"
10,난 진짜 대박 재미있게 봄. 까메오 출현(장첸) 너무 너무.. ㅋㅋㅋㅋㅋㅋ 완전 추천~~ 1보다 더 재미있게 봄.15세라 천만 넘지 않을까? 보고 나니 한번 더 보고 싶음.
6,"마동석이 악수를 두었내
그다지 흥행 할것 같지 얂타
본편은 아직이지만"
10,"기대되네요
(밤죄도시1 반복해서 보는중..)"
8,재밌네요. 그래도 전 1편을 너무 재미나게 봐서 1편이 윈.
7,대한민국을 대표하는 시리즈 오락 영화가 될 듯.
10,"와우! 속이 시원하네요
스트레스가 날라가는 영화
재밌게 봤으면  백점"
10,"경찰분들 화이팅!! 영화 잼나고 시원합니다
범죄소탕도 꼭 영화처럼.
정의실현과 
죄짓고 살면 안되는 바른사회가 되면 좋겠습니다"
10,좋음
9,간만에 재밌는 영화봤네요
10,믿고 보는 마동석
10,전작보다 엑션 강하고 엑션 과 코믹한 밸런스 황금 비율
8,"동석이형 팬입니다.
재밌게 봤고요.
1편을 뛰어 넘지 못한 아쉬움은 있네요"
10,역시 마동석 영화는 화끈해서 좋아요~
10,"재미 있게 잘 봤습니다. 주가 조작 일당 일망 타진하는 주제로 3편 만들어 주세요
20억에 목숨 거는 깡패들도 나쁘지만 2000억 먹고도 멀쩡히 잘사는 사기꾼 넘들 잡는 영화 만들어 주세요"
10,손석구 명품배우
10,마동석 연기 짱 입니다. 재밌게 잘 봤어요
10,재밌게봤습니닷
10,와우~ 액션  코믹 모두 겸비
10,정말 재미있음!!
8,"장르가 마동석인 오락영화. 
전작 장첸을 충분히 넘어선 손석구 캐스팅.
그리고 존재 자체가 히어로인 한국 경찰들에게도 감사를."
10,정말 최고의 영화 입니다~
10,우리 구씨 과거 잘 봤구요. 산포로 다시 오고 있는 중인거지요? 보고 싶어요. 추앙해요.
10,핵 주먹 파워 UP 마동석 ㅎㅎㅎ
9,"킬링타임용~!!
유치하거나 말 그대로 시간만 죽이는 영화는 
절대 아님.
시간이 어떻게 지나가는지 모르는
킬링타임용이라는 뜻.

일단 영화는 재밌어야 한다는 정답을
말해주는 영화."
10,"범죄도시2 넘넘 재밌어요~천만 넘겼으면 좋겠당ㅎ
손석구 매력쩔어!! 마동석 멋져부러~^^ 웃느랴 스트레스 한방에 날림~!!"
10,"초반부에 약간 예상되는  유머 코드  
있었지만
갈수로 점점 빠져드네요
장첸을 생각치않게 하는 강해수
장이수도 반갑고
역시 마동석 이란 배우만이 할수 있는...??
쌓여 있던 코로나스트레스 날렸습니다.
저도 1편보다 낫네요"
10,너무너무 재밌어서 시간가는줄  모르고  보다가  나올땐 긴 여운을 남기면서
10,"생일날 울 아들이 깜짝 선물로 보여 준 
""범죄도시 2""  여친하고 이미 봤다면서 
엄마를 위해 또다시 함께 봐 준 아들이 
고맙기만 했던 현실이었습니다

마동석 팬인데 정말 잼나게짤 봤어요"
10,구씨 빌런  탄생  1편보다 재밌어요
7,"잼있긴하지만 ㅎ
장첸의 강렬함을 지울수없어서 그런지 조금 아쉬웠음
손석구의연기도 진짜..ㅎㅎ 호랑이같았음"
10,오랜만에 시원~~하게 잼나게 봤습니다. 조금 잔인한건 있었지만 웃긴장면도 많이 있어서 좋은 밀당. 정말 재미있었습니다~~!확실히 음향이나 큰화면이나 영화관에서 보는거 추천할께요~!
10,"1편 보다 재밌다. 1편때는 마동석의 타격감에 감탄하면서 통쾌하다 였는데. . . . .나의 해방일지 구씨의 . . . 팬으로써 보다 보니, 갑자기 감정이입이 되서 동석님께 맞는장면을 보니 마음이 아팠다. . .ㅋㅋㅋㅋㅋㅋㅋㅋㅋㅋ
아무튼 개꿀잼, ㅋㅋㅋㅋㅋㅋㅋㅋㅋㅋㅋㅋㅋㅋㅋㅋㅋㅋㅋㅋ"
8,"코믹적인 요소는 1편보다 낫고, 액션은 더 볼만했지만 스릴적인 요소는 1편이 더 볼만했다..
국내 영화 흥행 시키려고 온갖 다양한 칼로 잔인하게 쑤시고 피가 튀고 팔도 절단하고, 온갖 욕설과 폭력이 난무하는데도 15세 등급으로 상영하는것도 우리나라의 영화 등급의 병폐다.. 
똑같은 외국영화가 나오면 청불이겠지.. 
그래서 요즘 고딩들이 고딩이 아닌 이유중에 하나다..."
10,별12개
10,보고나서  바로 3편을 기대하게하는  영화.3편 빌런은 누가될지 벌써부터 기대됨
8,"19세 이상 관람가로 등급 높였으면ㅎ
반은 눈감고 봤어요
범죄도시 1을 못보고 2보았습니다
약간의 유치함과 재미가 적절히? 
가볍게 웃을 수 있는 영화"
10,스릴 & 코믹 1편 보다 훨 잼남~~~^^
10,개 재있음
10,"손석구 배우님 추앙합니다
1편은 걍 찜찜
2편은.... 강해상 기운에 눌려 공포영화 보듯...

액션 짱! 스트레스 확!!!??"
8,볼만하다 역시 마동석  손석구가  요즘 추앙 받을라치지만 역시 마동석 아우라는 못  쫓아가고 열심히 했는게 보여지지만 장첸에게 조금 더 점수를 주고 싶다.
1,애들이 따라 할까 겁난다~~~폭력은 좋은거여~~~보여주는 미디어들
9,"106분이라는 상영 시간이 지루할틈 1도 없이 순삭한거 같습니다. 정말 재밌습니다. 3편도 기대할께요~
개인적으로 3편이 나온다면 동석이형이, 끝도없이 선을보다가 드디어 결혼에 골인해서 가족과의 해프닝 등등.. 이런식으로 전개될거 같은 생각이... ㅎ"
8,1편을 넘지는못하지만 타격감있는 액션과 지루하지않는  한국영화를  오랫만에 보았다
7,"웃기는 장면도 좋았고 액션도 좋았는데
청불로 하고 좀 더 강해상을 장첸보다 
잔인한 인물로 표현했으면
더 흥미진진했을 듯"
10,장이수 장첸한테 칼빵맞고 안죽었냐
9,"장이수  나오니깐
또 볼란다~ 
미워할수 없는  캐릭터~ㅋㅋ"
10,빨리보고싶땅~^^
10,재밌을것 같네
10,오래 기다렸습니다!^^
10,마동석씨  이번작품도  기대하고  대박나길 기도하며  응원해요  화이팅
10,동석이형 광팬인데 정말기대되네 형 할리우드도 좋지만 국내영화좀 자주찍어요
9,재밋겠어요
10,마동석이 주인공인 멋진 형사 시리즈 2탄!  진심으로 기대되는 범죄도시!
0,no review
7,ㅡㅡ
10,완벽하군!
6,형만한 아우없다...진리인듯~!!
9,"감독의 연출력이 아주 뛰어나지는 않지만 관객의 대리만족을 느끼는 포인트를 잘 아는듯 
추석연휴에 편하게 다시보니 대리만족의 쾌감이 배가되는 오락영화"
10,"재밌어요. 구씨 연기 짱.ㅎ 마동석씨도 구수하게 재밌어요.ㅎ

굿드.ㅎ"
10,재미있음
10,"믿고 보는  마동석이네묘
범죄도시3 도 나왔으면 좋겠어요"
8,시즌 3는 유니버스 강철중 서도철 과 공조 해서 범죄자 잡으면  천만 또 할꺼임.
7,"재밌게 봤습니다
시간때우기 딱 좋네요
마동석 적절한 코믹도 좋았어요
근데 1ㅍ편에 장첸 포스는 손석구가 못따라가네요 이거 한가지 아쉬움
7점 드림"
7,"2는 스토리가 너무 단순해
마동석 주먹에서 이제 바람이 나감ㅋㅋ"
9,"다음 빌런 주인공은 남자보다  여자배우님으로 하면 좋을듯 ㅋㅋ
마동석 대적할   빌런주인공   여배우님  누가 하면 좋을까용@@"
7,마동석 영화는 진짜 타격감이 쩐다
7,전작과 비슷한 수준이며 영웅을 필요로 하는 이 시대에 걸맞는 오락물이다. 포스트 강철중으로 충분하다.
8,역시 마블리표
8,"K영화에 등장하는 (특히 스릴러물)
무능한 경찰들만 보다가
이렇게 시원시원한 액션 파이터형 경찰을
보는 게 더 유니크하네"
8,"스토리  끊김없이 집중해볼수 있어서 좋았음 ~ 
근대 장이수 넘 웃김 ㅋ 지가 장첸이래 ㅋ임무에 집중하다보니 마형사래 ㅋㅋㅋ"
8,언제 끝나는지
7,"마동석물의 전형이지만ㅡ

손석구 최귀화 박지영 박지환 등

주조연들의 연기가 식상함을 지운다"
9,1편만큼 재밌었음
8,"1편 악당에 비해 2편 악당은 분노조절 장애가 있는 캐릭터 같음... 3편은 사이코패스적 악당이면 어떨지...
1편 악당이 더 뇌리에 남긴 하다..."
9,범죄도시1을 재밌게 봤는데 2도 너무 재밌다. 1을 안봐도 이해는 가능하나 개그적인 요소는 1을 보고 오면 더 이해하기 쉽고 더 재밌다.
10,누가 5야?
8,무찌르자 악의 무리
7,"1,2편 모두 실화를 바탕으로 한 느낌인데 난 1편이 더 나은듯~ 2편도 잼나긴 했음. 유머적인 요소도 괜찮았고~"
9,시리즈 계속 나와야됨~
9,"기대이상으로 재밌었습니다.역시 믿고 보는 마동석액션..
손석구배우 연기도 대단했어요. 전편의 빌런 장첸을 뛰여넘을수 있을지 살짝 걱정했는데 괜한 걱정이었네요."
6,"정작  실제 모티브가 된  경상도출신의 3인조 납치살인범들은 표준어를 쓰고, 영화초반 맥락없는 인질범은 전라도사투리, 그리고 영화속 경상도사투리는 영사직원과 칼맞는 마형사후배

다분히 의도성을 갖고 설정한게 아닌가 하는 생각은 오바일까?

그리고 아무리 마형사 영웅만들기 영화라지만 나머지 형사들은 생각도 없고 무력도 없는 나부랭이로 전락시키고, 강해상이는 마형사를 만나기전까지는 공간을 자유롭게 넘나드는 초월적 존재이자 천하무적 ㅋㅋ

이런 영화가 어떻게 천만을 돌파했는지 이해가 안됨

차라리 전작 1편이 훨씬 낫다

단, 손석구 연기력은 인정"
10,"꼬꼬무에서 다루었던 한국인  납치 사건이  떠올랐어요.
마동석씨 믿고 보는 배우예요.
꼬꼬무 실제납치자들 보면서 울었던 기억이 나네요
나라가 못 지키면 내가 지킨다 대사 멋젔어요.
3탄은 베트남에 파견 근무가시는 건가요?"
8,ㅇ
10,"믿고보는 마동석과... 손석구배우의 재발견...
2시간순삭^^/"
8,"3편은 반드시 나올거 같고
3편은 1~2편과는 좀 다르게 갔으면 함
3편도 똑같은 스토리면 이젠 질릴때 온듯"
8,"운좋은 영화ㅋㅋ
천만ㅋㅋ"
7,"마석도가 날리는 묵직하고 시원한 펀치는 언제 봐도 짜릿하다.
어찌보면 맨날 원 패턴이긴 한데 그게 그리 싫지 않다. 
빌런 손석구는 물론이고, 조연들의 연기도 좋았다. 
다음 편도 기대."
10,잘 만들고 잘 봤습닏?
10,"아따 시원하다요~ 솔직히 장첸은 별 히마리 없었는데, 이번 손석구 연기가 이번 천만을 넘었다 생각~ 마동석은 여전하고, 손석구가 다 함~ 유머가 과하지 않고 적절~ 간만에 베테랑 이후 잼난 범죄오락 영화~ 재미집니다. 시원하고 ㅋㅋ"
8,재미있음
8,"15세는 아니고요 
재미는 있었네요"
9,갠적으로 1보다 별루 ㅎ
8,마동석이 다하네
7,잔인해서 감정 3 울 나라 영화 잔인함을 좀 버리자
8,"범죄도시 + 황해 = 범죄도시2

그래도 통쾌함은 마석도가 최고."
9,시원시원한 액션에 시간가는줄모르고 잼있게 봤습니다^~^
9,"어제 중딩 아들이랑 재미있게 봄.
액션과 유머의 적절한 조화...
근데 암만 봐도 15세 이상은 아니잖아~"
10,"나의 해방일지 보구선 손석구란 배우에대해 알게되었는데
정말 멋지시네요!!!!
시간이 어케갔는지도모르게 봤습니다.
정말 재밌어요 ㅎㅎㅎ
역시 범죄도시1, 2 모두 기대를 저버리지 않았습니다.
보통 시리즈는 갈수록 별로란 생각이들던데.
이번 2는 또다른 느낌이였습니다.
영화관에서 봐도 아깝지 않아용"
9,"각 캐릭터들이 모두 개성 있도록 잘 배분 되어 있고 웃음과 액션이 적절히 짜여진 형사영화입니다.
재미있고 잘 만든 오락영화 임에 틀림이 없어요.."
10,박지환님 너무 재밌어요 연기가 어마무시^^
10,아 장이수 정말 대박였어....나쁜놈들 입장에서 보면 꼬춧가라 제대로 뿌렸다....대박웃겼다..ㅋㅋㅋㅋㅋㅋㅋㅋㅋㅋㅋㅋㅋㅋㅋㅋㅋㅋ
10,아...진짜 잼낫어요 ㅋ 아이들이랑 같이봤는데 사실 1편보다 좀 잔인한데 어찌 15세일까 의문이 들긴했어요 ㅎ 그러나 정말정말 잼나게 보고나왔네요 소장용으로 사서 또보고싶어요 얼렁
10,"근래들어 이렇게 시간가는줄 모르고 본 영화가 있었나
싶을 정도로 재미있고 전개도 매끄러워서 좋았음
마동석 근육이 부러울 따름."
10,범죄도시2 영화관에서 봤는데 재밌어요 ㅎ
10,속시원 통쾌 액션! 마지막  유리창씬이 제일 재미 있었음 ㅎ
10,괴물형사가  우리나라에   많이  있었으면   좋겠어요 ^^
9,"범죄도시1에 비해 신선도는 조금 약하지만..
결국 마동석은 믿음을 배신하지 않았다^^"
10,속이 후련함.
10,"간만에 재밌는 영화 잘 봤어요.
진실의 방~ㅎㅎ"
9,지루함 1도없이 잼나게 봤네요~~역시 마동석!!손석구  카리스마 워워...
8,시원하고 화끈해서 좋다. 마석도의 타격 사운드가 좀 과장된 것 같으나 액션 역시 굉장히 커서 오히려 잘 어울리는 느낌.
9,요즘 뉴스기사마다 경찰이고 판검새고 뭐고 피해자를 지켜주지 않는다는 생각이 강했는데 현실이 아닌 영화지만 마동석이 범죄자들 업어치고  내리칠때마다 속시원~!!
10,no review
9,최근 본 한국영화중 제일낫네요 ㅋㅋㅋㅋ 잼있 좀만 덜 잔인했으면
10,잔인한거 원래 못봐서 반은 눈감고 소리만 들었어요. 그래도 무섭가도하고 재밌었어요.  역쉬 버스씬이 젤 속이 쉬원한게 최고였습니다.
10,한국의 슈퍼히어로??
10,솔직히  재밌다.
10,꿀잼
9,실로 몇 년만에 심장을 쿵~쾅~뛰게 만든 영화임! 마동석의 타격감 2배 업글~!! 명대사도 몇개씩 던지심~!! 실제 보시면서 기억해주시길~~!!
10,재밌습니다 보세요
9,지정생존자 드라마때부터 손석구라는 배우를 알고있었지만 이번 영화로 많은 이들에게  손석구라는 배우가 알려지길 바란다./ 시간가는줄 모르고 볼수있는 영화/ 3편이 기대된다.
10,괜찬은데요
10,"제가 영화관 안가는데 가게 만들어준 범죄도시 2 너무 재미있고 스릴 넘침
범죄 도시 3 빨리 보구 싶네요"
7,손석구 배우 연기 좋아!!!
10,"정말 너무 재밋어횹
다음편도 넘너무 기대됨요 ㅋ
범죄도시 홧팅"
10,"모처럼재미있게본영화,또봐도재미있을듯"
9,"이터널스 길가메시의 스핀오프
길가메시가 2000년대 한국서 형사하던 시절을 영화화하였다"
10,핵잼ㅡ 좋은 시간이었어요ㅡ
10,대~~~~~~~~박 재밌습니다~~~꼬~~~~~옥 보세요~~~~
10,앜~너무 재미나요^^
10,무조건보시오 1편을뛰어넘는다는말이 허언이아니었소~~
10,"진짜 오랫만에 재밌는 영화 봤어요.
연기.스토리.액션.코믹.전부 다 ~~~챙긴영화"
10,1편보다 더 잼나네
10,시간 순삭~ 최고닷! 마동석 손석구 감동감동!! 1편보다  2배 아니 3배 재밌네요 최고최고~~♡♡♡
9,장첸의 아성을 넘진 못했지만 재밌었어요 ㅋㅋㅋㅋ
10,1편도 좋았는데  2편이 좀 넛네요 3편은  미국에서 만들까나? ㅎㅎㅎ
10,"개봉 히자마자 보고 어제 또 봤어요!
역시 재밌어요~
또 보러 가고 싶어요!!!"
10,"장첸은 빵에가서 강제추방 연변으로 갔겠지?
윤계상이 안나오니 이상하다.ㅎㅎ
근데.. 실제로 조선족은 싸움 잘 해?
막 칼가지고 다니고 그러는지?"
5,15세용이면 잼없음
10,재미 있을 것 같아요
10,마블리????????????
10,ㅇㅇ
10,개봉 안했는데 평점을 쓸 수 있네
9,no review
10,1편만큼 재밌겠지?
10,......
10,기대됩니다.
9,no review
10,아이썅
9,언제 개봉?
10,기대돼요 
6,기대된다
10,"강윤석감독님범죄도시2기다리고있습니다
영화범죄도시2기대가됩니다"
10,기대합니다
9,"언능 개봉해라
후딱 보고잡다"
9,"짱개들 불법체류자 소탕 좀 해라  정치인들도 중국돈 좀 받지말고  나라 생각 좀해라
이런데 또 평택에 차이나타운짓는다며 ㅜㅜ"
10,말해뭐해 입만아프지
10,동석형님의 한방감이 멋지잖십니까~ 한국판의 원펀맨!
10,왜 10점이냐 하면 우리 동석짱이나오잖어 헤헤 사랑해요
10,no review
8,no review
1,윤계상 없는 범죄도시는 원두없는 커피지..
1,"1편이나  2편이나. 내용은없고. 
주먹으로  사람잡는영화
완전실망. 스토리가없어."
1,"잔인잔인..
한국영화는 잔인한게 재밌나요?
사람들이 잔인성에 무뎌지는 거 같아 가슴아픕니다."
10,"천만넘을만하네
1편처럼 우울하지 않고
코믹을 가미하니
훨 볼만하구만..."
10,1보다 나은 2가 없다지만  2가 더 재미있는 건 처음인듯..
4,"그 유명한 영화 댓글알바들이 넘쳐나는구나. 
선거철엔 좋빠가 스타일 댓글알바일감 많아서 좋겠네"
10,"쥬라기 공원 공룡 등장할때보다 구씨 등장이 더 긴장감 있음. ㅋㅋㅋ 
재밌게 봤음."
9,"잔인하긴 한데 구성은 잘된 영화.
구씨 왜 그랬쩡"
10,난 재미있게봄..와이프는 두번봄...뭐이래라 저래라 댓글보지말고 시청하시길 사람마다 차이가있을분 우리는 재미있었음
10,핵존잼. 말이 필요 없음
10,15금이라 잔인함은 약해졌지만 유머와 배우들의 연기는 1탄때 보다 더 고퀼됐고 악당 손석구 음문석도연기잘했음 ^^금천서 형사들 이 영웅이여
10,"보는 내내 너무 재미있었어요
시간만 된다면 또 보러가고 싶은 영화에요"
10,시작부터 끝까지 지루할 틈이 없다.
10,아주 좋았어요
8,까불이만 기억나네
10,또보러가고싶어요ㅋㅋ
6,"재미있는데, 너무 잔인해요.ㅠㅠ"
9,"카타르시스라는게
이런거임"
8,"갠적으론 이런 영화 좋아하지 않고, 장첸을 능가할 수 있을까가  관람포인트였는데 시간가는줄 모르고 봐버렸다."
10,"손석구씨 때문에 더 보고싶었던영화 
역시 최고!"
10,"손석구씨 연기 짱!!!
스트레스 아웃^^"
8,"1편은 1편대로 재미있고, 2편은 2편대로 재미있음.  범죄도시의 마동석은 원펀맨과 같은 시원함을 준다."
10,너무재미있게 봤습니다
10,"마동석 나의 이상혀~~~~엉♡♡♡
이번에도 실망시키지 얂으셨어여
손석구님 눈빛 킹섹시 미쳤어
중딩 울딸들 기암"
8,손석구씨 연기잘합니다. 마동석 케릭은 역시1 부터 사기케릭이고
10,범죄도시2 마동석 손석구 ?? 통쾌함 재미 타격감 액션 사이사이 웃음포인트 최고입니다
10,재밌게 봤습니다  범죄도시3도  만들어주세요
10,넘 재밌어요~~
10,재밌땅ㅎ
9,다시올릴께요 1점주는 분들은 진심으로 안본분들이라 생각합니다 영화를볼때 스토리 연계나 연출 액션 거기에맞는 효과음 억지연출등 다양한것들을 보면서 영화보는데 전반적으로 모든부분이 8점이상이었고 액션과 음향은 9점이상입니다 두시간사십분이 금방갔습니다 이런느낌의 시간이 삭제되는 영화가 이전에 있었는데 기생충이었습니다 너무 잘봤습니다 특히 구씨가 왜 산포시에서 싱크대만들고 살았는지 이해가 가는 영화였네요 또보러가고싶어요 진심ㅜㅡㅜ
10,강추 ㄹㅇ
10,1편보다 나은 2편이 드디어 나왔네요...시간순삭입니다.
6,솔직히 1편보다는 내용이  너무 없고 캐릭터가 허술합니다
1,이게 어떻게 15세냐
2,스토리가 허술하다.. 폐공장도 금방찾고 수배범이 한국 너무 쉽게오고.. 그냥 스토리없이 잔인함
10,마동석 왕팬이지만 장첸이 꼭 출연하면 좋겠습니다! ^^
0,개재밌겠다 쓰레기
8,이영화 강추다
10,"시즌.1.때도 본적있지만..진짜 시즌2가젤~ 재밌었어요
특히.악역.연기를.손석구씨가.너무~.잘해주신듯????????????
 
마동석의.찰진 욕들, 시원학.액션씬..같인나오는 배우들의
애드립들 다~~????????????재미났어요"
10,"최석구님 미친연기력으로 L그룹 광고찍으셨네
동석형님도 못 찍은 석구님 정말 열심히 노력하시니
결과가 따라옵니다 축하드리고  앞으로도
출연하는 작품마다 승승장구하시고 축하드립니다"
10,최고입니다 너무웃기고 재밋습니다
9,"근래 들어 보기드문 명작
시간 가는줄 모르고 봤네요."
10,"마동석 손석구가 캐리했다 최용기 엄청큰 잘못한건 아닌데
불쌍하다 모르는사람 조심하고 경호원 대동할거같다 ㅋㅋ 
범죄도시 3편도 기대함"
10,"암울한 우리나라 국민들에게 웃음을 주었다 
더불어 통쾌함도ㅡㅡㅡㅡ"
10,"박지환배우님 ㅋㅋㅋ 너무 잼있어요!! 
전편에 비해 더 잼있는건 맞는데 손석구악역은 윤계상을 뛰어넘기 어려웠다.  임팩트가 약간 부족. 그러나 전체적으로 영화 잘됬음

우블이후로 박지환님팬됬어요. 응원합니다!!^^♡♡"
10,호주에서 티켓 겨우 구해서 봤는데 너무 재미있었음
8,1편보다는 못하지만 역시 재미있네요
10,생각한것보다 엄청 재미있고 마동석 배우님 너무 멋있고 스릴도 넘처서 극장에서볼때 넘넘 재미있었습니다! 강추추춫
10,모든 분들이 그렇지만 개인적으로 최귀하 배우님이 연기도 잘하시고 재밌었어요 3탄에선 나오지 않으신다니 너무 슬퍼요ㅜㅜ 재고해 주세요ㅋㅋ
10,"마동석의 마지막 펀치에 차 유리창이 깨지잖아요...
그때 피떡토하면서 기절하는 강해상의 망가진 얼굴을 정면에서 클로즈 업해서 보여줬으면 
더욱 엔딩이 느낌있었을거 같은데...고점이 딱 하나 아쉽네요...
그나저나 갈수록 마동석은 원펀맨 느낌으로 가네...ㅋㅋㅋ
왠지 범인이 불쌍함...ㅋㅋㅋ
처음엔 미스캐스팅 아냐?했는데...
손석구 연기력 진짜 어마 무시함 최고..."
10,"나해 구씨 보고 범죄도시2 보러 영화관 갔습니다.
구씨 무표정 ""손떨던데 먹어 추앙하는거야""  너무 예뻐요~~"
10,"범죄도시 2를 두번이나 봤는데 또 보고싶네요 ㅎ
마동석배우님을  그런분이 있구나 라는 생각만 했었어요
이영화를 계기로 다시금 생각 하게 되었습니다.
마동석배우님 을 비롯하여 손석구 배우님
외 연기자님 연기  ?? 예요
대박나세요
지금도 대박이지만요~^^"
10,"재미있어요  코믹적인 요소가 많아서 계속 웃으면서 봤어요
천만 넘는건 당연한거같아요"
9,"유치한 말장난으로 떼우는 옛날식 콤비물 범죄물보다 많이 발전됐고
쫄보반장과 마동석의 조합은 괜찮음 할리우드식 코믹범죄물이 떠올랐음
손석구말고 또다른 3번째 빌런을 강력하게 세울수 있을것인가가 제3편의 성립을 좌우할듯"
7,"익숙하지만 즐겁다.
시리즈가 롱런 하기를~"
7,종종 킬링타임용 영화도 마음 비우고 보몀 재미있더라…
10,최고의 영화
10,"빌런인 손석구…………
연기 죽입니다……"
10,"겁나 재밋음
무섭기도하지만
잼있음
손석구배우  정말 연기잘하네요
2가 더 재밋네요"
8,"다른건 몰라도 마동석의 시원한 액션 만으로도
값어치 한다"
10,"와...나의 해방일지와 세계관 이어지는 영화!  해방일지 본 사람은 무조건 이거 봐야합니다. 구씨가 진짜 자이툰 부대에서 보병이었다던데 그래서 무술이 으마으마 합니다. 걍 수슈슛수슉---- 액션스쿨에서 배운 그런 느낌이 아닙니다. 몸소 체험한 액숀! 저는 다음 평점은 10점 아니면 0점일때만 글 남기는데 10점 시원하게 냄기고 갑니다. 팍팍한 코로나 시국에 진짜 속이 씨원해지는 영화한편!! .이거는 100만 가야함! 가장 관객이 솔직할 땐 화장실이랑 영화관 밖으로 나가는 계단 통로인데, 어르신들도 재밌다고~ 재밌다고~ 하셨어요! 진짜 이건 내가 구씨 팬이라서 그런게 아녜요. 레알루 잼나요! (머 팬인거 그런것도 좀 있음)"
10,손석구  연기  대박이네요. 1편  보다 훨씬   재미 있어요.
10,시원시원 통쾌함 시간가는줄 몰랐어요
7,장첸의 긴장감이 전혀 없구만
4,석도 연기좋아. 대사 오글. 유치짬뽕.
1,안본 놈들이 왜 댓글 달고 평점을 주냐?
6,"감독이 바꼈네 더군다나 첫작품?
1탄만큼 인기는 힘들듯"
2,언제개봉함
7,"1편이랑 감독이 다르네?
ㅠㅠ"
1,범죄도시 2 재밌있서요?
10,"범죄도시 2 재미있네요 

마동석 "
10,범죄도시2광주서   촬영중
0,재밌을거같아요
7,"범죄도시도 그렇고
성난황소도 그렇고
소재는 다 좋은데 
무슨 맨날 마동석 주먹한방에 
다 나가떨어짐.영웅심리 쩔어줌.
한국영화 한계에 그치지않고 새롭게
연출되길 바래봅니다.
"
10,장첸 동생역할로 나오면 되겄소 ~^^
8,"대흥행이라고는 해도 설마하는 마음으로 봤는데
이 감독 코믹 센스가 장난아님 완전 웃겨서 그것만으로도 합격
마동석 액션  손석구외 조연들의 연기 연출  전부 좋았다
후속편도 이렇게 성공이 가능하구나..
특히 최귀화 코믹연기 빵빵터짐 ㅋ 3편도 무조건 기대"
8,"스토리는 나쁘진 않았음. 개그요소도 1편보다 많아서 재밌었고.
근데 악역인 강해상 목소리에 살기가 안느껴져.
목소리가 너무 좋아~ 아니 부드러워~ 목소리에 반하겠음ㅋㅋ
그것만 빼고는 괜찮았음. 아! 그리고 욕.
대사에서 욕을 빼면 이건 뭐 슬랩스틱 영화되겠음ㅋ"
10,배우들 케미가 좋고 유머가 적절해 재미남
10,"역시 예상한 것보다 휠씬 뛰어넘는 영화였습니다
전보다 많이 코믹하고 액션 피지컬이 너무 좋았습니다
영화보면서  내내 눈물 날 정도로 웃었는데 내일 눈이 부울까 걱정됩니다 
다음 시즌 너무 기대되고 하루 빨리 나왔으면 좋겠습니다
너무 잘봤고 범죄도시  파이팅!!"
8,"손석구,
참 고급집니다. 영화에 비해 손배우가 좀 아깝습니다. 아쉬운 시나리오의 헛헛함을 손배우가 채웠네요."
10,전편보다 훨씬 재밌게 봤어요!~~
10,와..진짜 연기 다들 너무 미쳣네요~!! 역시.!!!
10,지루함이 없었다.
10,"아니 영화의 다양성을 존중해줘야지 잔인하다고 뭐라하는 사람들은
뭐하자는거임? 그냥 잔인한거 못보겠으면 아침 불륜 드라마나 보던지
자기들 영화 주관을 강요하려고 드는게 꼭 개독들같네"
10,"범죄도시 3편 기대합니다.
15세 이상 은 아닌것같음  잔인합니다.
18세이상으로 바꿔주세요"
7,킬링타임용으로 괜찮았슴..
9,액션 오락 영화는 마동석처럼
8,"10점주고 싶었는데 너무나 잔인해서 별하나 깍았습니다ㅠ 손석구  기대이상으로 연기 넘 잘했고 마블리 역시 너무 사랑스런 캐릭터에 대체불가 연기력 그리고 조연들의 자연스런 연기까지 그냥 끝나네요~~ 

근데 1에서 장첸 윤계상의 캐릭터가 너무 강렬해서 마지막 버스액션씬은 장첸의 화장실씬과 비교하자면 2점정도 모자란 느낌? 그래도 너무 재밌었고 액션 진짜 우리나라 최고네요???? 

마지막으로 악역 조연중에선 진선규 만큼 돋보인 배우는 없는게 아주쬐금 아쉽습니다~ 근데 진짜  1에서 윤계상과 진선규의 캐미는 우리나라 깡패영화상 통틀어 역대급 캐릭터인듯?? 

범죄도시 3 너무 기대되고  빨리보고싶어요  지난주에 헤어질결심 극장서보고 너무 재미없어 짜증났었는데 영화는 역시 재미있는게 최고인듯요??"
10,찢었다!! 모처럼 심장졸이며 본 영화~긴장과 코믹을 넘나드는 스토리에 배우분들 연기도 넘 훌륭했음.. 또 봐야지ㅋ
10,"이보다 재밌어서 뭐 하려고..   어차피 현실이 아닌 영화 감상의 쾌재일 뿐 아닌가.. ㅎㅎㅎㅎ
개인적으로는 2편이 더 나을세 그려.. ㅎㅎ.. ;;;;"
9,잔인한 액션오락물이란거 알고 봐놓구선~~  다들 너무 잔인하다고 난리심 ㅎㅎㅎ  난 티키타카 대사빨에 넘 웃겼음 ~
10,"잔인하다고 평점깍는 인간들.....ㅡㅡ
범죄도시 영화가 원래 이런내용인줄 모르고 밨나?
그런게 불편하면 로멘스 영화나 볼것들이지...
답답하네...앞으로 범죄도시가 6편정도 더 나온다는데
보지들 마시길...."
10,1보다 나은 2도 있다. 1은 악랄한 조연과의 앙상블 2는 거기에 유머가 더해짐.
8,"만족스러운 2편, 기대되는 3편"
9,연출력은 1편이 더 좋았고 쫄깃한 느낌은 이번 속편이 최고네요! 엔딩 씬은 NG장면을 그되로 쓴 느낌! ^^
8,"넌뭐야?
까불인데요
까불고 있어!

1탄 만큼은 아니지만 재미있는 영화
3탄도 1,2탄 만큼만 나온다면 천만 영화가 될거임!

더운여름에 보기 좋은 시원한 액션영화임~!"
8,시원시원한 마동석표 액션 영화
10,no review
7,적절한 유머를 뿌려 재밌음. 하지만 1편을 의식한 장면이 많아서 오히려 아쉬웠음
7,ㆍ
7,내가 5다.제5열
10,타짜 신의한수2편은 진짜 돈아까웠는데 다른친구랑두번봐도재밌었다ㅋ
10,"다가오는 추석, 설날에 본 후 후회말고 지금 극장 대화면에서 보아요!"
10,ㅋㅋㅋㅋㅋㅋㅋㅋㅋㅋ
10,너무 시원하게 잘 봤네요
10,"오늘 남친이랑 같이 봤는데 완전 꿀잼이에요~~
범죄도시3도 기대가 될만큼 너무 재밌었어요~"
10,"친구들이랑 보러같는데 너무 재밌었음
웃긴 장면도 많이 나오고 몰입감도 높고 존잼존잼"
10,이 시기에 딱!
10,잔인하지만 오랜만에 시간가는 줄 모르고 봤습니다. 대사 한마디 한마디가 억지 웃음이 아니라 더 영화의. 재미를 느끼게 해줬어요.! 간만에 아깝지 않게 본영화라 적극 추천하고 싶어요. 영화보고 출연진들 다시 찾아보는건 처음 이네요~^^  조연분들까지  찾아보게 되는 영화였습니다
8,잔인하긴 하지만 졸릴틈이 없이 재미있네요. 배우님들 연기 왜이리 잘하시는지~~~ 범죄도시는 쭉 계속 될듯!
10,"일단 보고 이야기 하루이는 영화인듯합니다
재미나게, 함 즐거보세요"
10,"오늘 보고왔는데요~빈자리 없이 꽉찾더라구요
생각했던 것보다 너무 너무 재밌었어요
잔인한 장면도 있지만 대사가 넘 잼있어요
마동석님이랑 반장님 케미도 넘 좋아요
마동석님은 범죄도시 찰떡캐릭~
영화보는 내내 긴장감 넘치고 대사땜에 웃으면서 봤어요
또 보러가고싶어요ㅋ"
9,잘 만든 영화를 만났습니다
8,잼남
10,최고 더이상의 말이 필요없다
10,"정말 재밌는 영화
마동석 손석구 박지환 최고!!"
9,끝날때까지  겁나 잼남! 지루할 틈이 없음. 그러나 장첸을 넘어서지 못한게 아쉽다. 장첸은 넘사벽!
8,누가 5야?
9,"진짜 시간 가는 줄 모르고 봤어요 마동석의 액션신은 정말 독보적~!?? 
한 주먹에 다 날라가고 한 싸대기에 다 기절 ㅋㅋㅋ
근데 잔인한 장면과 소리들은 좀 없애고 시원한 액션 위주로 하면 훨씬 좋겠다는 생각이 들어요
잔인해서 1점 뺌요 ㅜ"
10,완벽합니다
8,1편만큼 재미 있습니다
8,절정에 다다른 마동석 영화의 원펀치 액션 멋지다. 특유의 유머러스함도 좋다.
8,"누가  5야?  ㅋㅋㅋ 
너무 잼있다.  마동석 한방 액션  유머와 액션  다 잡음
시리즈 계속 나왔으면 좋겠어요~"
9,1편보다 빠른 전개 . 배우들  연기도 좋아서 재미 있게 봤네요
10,연기도 좋고 개꿀잼
10,"재밌음~~
꼭 보시길~"
10,굿
10,"돈 더주고 봐도 안아까울 영화.
신랑이랑 오랜만에 봤는데 너무 재미있게 봤다."
10,와~이건 진짜입니다  대박 완전재밌어요
10,"1편은 무겁고 잔인하면서 잘 만들어졌고 2편은 조금 가볍게 덜 잔인하게 재밌게 잘 만들어짐~ 1,2편 둘다 재밌게 잘봤음~"
10,"1편보다 잼나다는 평점에 봤는데 정말 시간가는줄 모르고 봤어요~~너~~~~무 재밌어요!!
간만에 흡족스런 영화 잘봤습니다..강추강추 초강추합니다^^"
10,no review
9,오늘 봤는데 글쎄. 1편이랑 비슷한 재미랄까. 재미는 있고 2편보다 훨씬 나은 건 아니고. ㅋㅋ
10,삶은 소대가리 편육에 소주 한잔 하면서 봐야지.
10,no review
10,no review
6,"데프콘.차태현.유해진.이기찬.주원.안재현.윤시윤.김종국.성동일.송일국.김선호.연정훈.이승기 
이민호.장근석.지상렬.이시언.성훈
신현준.최진혁.곽시양 
조진웅.권상우.장혁 
김승우 
택연.임슬옹.서인국.유아인 
김c.mc몽.엄태웅 
이휘재 
시즌2갑시다 "
3,no review
5,"한사람 의지해 억지 웃음이나 억지 눈물 유도한 최근 모든 한국 영화들 전부 망했습니다, 
범죄도시가 히트친게 실화소재고 형사들끼리 캐미와 조폭들의 무자비함 
모든 연기자가 연기 잘해서 대박난건데 15세 관람가로 연령 낮추면 진짜 프로레스링 영화입니다,
성난황소 정말 황당했어요, 프로레슬링액션, 성룡의 취권 액션을 한국영화에 도입하다니ㅋ
한사람 의지한 식상한 쿵푸 원맨쇼 누구도 안봐요, 한국 관객들 무시하시마세요,
2탄 성공할려면 전작처럼 모든 조연들의 (반장, 형사들, 범죄조직들)
맛깔나는 살아있는 생활연기와 실제 실화 소재라면 다시 대박나지만 
관객 늘릴려고 15세 관람가하면 당연히 퀄리티 떨어지고
성난황소같은 3류원맨쇼 히어로 영화 만들면 철저하게 외면받습니다,
애들도 짜고치는 프로레슬링"
10,언제쯤 나올까 기대만빵
10,굿 기대기다
10,또나온다고 해서 기쁜마음에 조용히 별점누르고 사라질려고했는데 마동석오빠 팬입니다 조용히 사라지겠습니다.
10,"안보면 후회
"
4,그냥 액션 영화.   형사가  범죄자  잡는 그런영화임..
1,재미 없네 1편은 조선족 행포에  내용으로 재미있어는데  2편은 가잡기 베트남 이야기 에휴  니들  문재인에게  조선족 이야기 하지 말라고 협박 당했냐
5,"범죄도시1-1 
전편 그대로 복사해서 붙여넣기
실망했습니다.. 엉성한 대사에"
10,저는 1편보다 한단계위로 느껴지네요^^역시마동석배우님
7,"1편보다 재미있다고  조 푸는 애들은
알바?
솔직히 1편보단 못함"
4,"1편은 캐릭터를 빼고 봐도 잘만들고 시나리오도 좋았는데, 
2편은 캐릭터만 너무 강조되고 전개가 설득력이 떨어집니다.
아쉽네요."
7,"강해상 보다는 장첸이 압도적 승
2탄에 깨알같은 마동석 애드립들은
응 나 솔로야~을 넘어서지 못함
2편도 볼만하지만
1편이 훨씬 짜임새있고 재밌는건 사실"
8,"손석구의 매력에 풍덩!
남자가봐도 반할만한 남자"
10,3편기대하게 만드는 2편이다
10,"이보다 더재밌을순없다
마동석최고"
10,"정말 재미있는 영화였 
습니다."
8,1탄 보단 잼있었습니다
10,마블영화보다 휠신 재미있는거 같어여..
1,"너무  잔혹해서  중간에  보다가  나와버렸어요

돈  아까워요"
2,"이거밖에 못 만드냐?? 더 잔인해야지 더 자세하게 도끼로 생닭 토막내듯이 사람 토막내는거 칼로 더 임팩트있게 찌르고 목아지 자르는거 디테일하게 보여줘야지
아무도 잔인하다 생각안해 양혼없는 좀비들은…"
10,"재미도있고
연기도좋고
악역도좋고
강추"
10,재밌다ㅜㅜㅜㅜ
10,"영화는 재미있으면 무조건 성공...
주인공이 악인에게 당할까 걱정없이 볼 수 있는 거의 유일한 영화..
초인간적인 마블 영웅도 악당에게 죽어 나가는데...ㅋ
킬링타임용으로 최고!!!
3편도 기대하게 만드는 영화..."
10,강혜상 입니다  소름돋음
10,너무재ㄴ밌게봤어요
10,구씨~ 기대됩니다~ㅎㅎㅎㅎ
10,브로크 보려면 마녀2 보고 마녀2 보려면 범죄도시2 그냥 한번 더 보는게 낮다...
10,피튀기는 영화로 영화관 가기는 이번이 처음이네 구씨가 열일했다
9,이런것이 진정한 한국형 히어로물. 소포모어 징크스를 시원하게 날렸다 #씨9네마
10,"안보면  후회  
완전  지루할 부분이 없어요"
10,가장 모범적인 속편의 표본.
4,"코미디반 액션반.
진진함이없어."
1,별루일듯
2,15세면 코미디+싸다구+진실의방이 다인건가..
0,no review
9,장첸나오나
8,"시간가는줄 모르고 봤네
액션도 좋고 스토리도 끊김 없어 지루함도 없고,
그런데 손석구가 너무 잘 도망다니고, 찾아다닌다는것에 감점"
10,"극장(파주출판메박)관람후
얼마전 vod로 또봄
또봐도 션션한게 눈을 뗄수가 없네
그리고 vod로 마녀2 봣는데.. 하 기분 똥망
범죄도시는 영화계의 탑브렌드가 되었다
영화계의 명품
극장에서 3만원해도 본다"
10,"재벌회장님 타는차가 벤츠 S클레스...인데..
시세 300정도 하는 중고차..
이차 나오는거 보고, 사고나서 버리는 차라는 생각이 딱듬.."
8,"장르가 마동석 맞네
1편만큼은 아니지만 준수함"
10,역쉬 마동석....요즘 대세인 구씨 손석구 연기도 좋고...웃음 코드들도 잘 버무려 놓은듯...드라마 인사이더에 양회장형제 어디서 봤나 했더만 여기선 형사로...^^...이어지는 시리즈 더 기대가 됩니다~
8,공공의적 매운맛  시리즈로 가잣~~~!!!!
10,마동석표 액션!! 캐릭터들의 조화 굿!!!
10,이게 실화를 바탕으로 했다는게 놀랍고 실제로 동남아에서 납치 한국인 관광객 대상 살인 사건이 일어났다는게 살이 떨린디. 극악무도한 살인마들은 사형이 시급하다.
10,스릴도 넘치고 작품성도 좋네
10,"ㅋ ㅋ ㅋ ㅋ
믿고보는 마동석님 굿굿 ??"
10,짱 재밌게 봤어요
10,소문듣고 봤는데 역시 마동석
10,웃기면서 재미있어요.
10,범죄도시 2 역시 1 못지않게 즐기기엔 최고인 영화다. 이 기세라면 시리즈가 쭉 나와도 흥행 대박은 이어질것..
10,"스토리도 탄탄하고 재미있습니다
폭력적인 부분이 많이 있어
배우들 심리 상담은 진행하는지?
꼭 해 주십시오"
10,"손석구 배우 연기 멋집니다
더 유명한 톱 배우가 될 것을 확신합니다"
9,1편을 보지않고 2편을 처음으로 봤는데..전편이 궁금해지게 만들 정도로 재밋게본 영화! 우리나라 액션 영화의 발전을 보고 감탄한 시간
10,잘봤습니다
10,"장첸 ?????? 강해상
금천경찰서 강력팀 & 장이수 콜라보
3편에서 멈추지 말고 7편까지 가자"
9,생각없이 킬링타임용으로는 최곱니다. 잔인함과 웃음이 적절히 잘 섞인거 같아요 3편도 기대해봅니다.
10,"보통 영화가 1보다 2보다 못한데 범죄의 도시는 1,2  다 재미짐. 솔직히 윤계상 장첸보단 손석구 연기가 훨씬 신선하고 좋았음. 좀 잔인하긴 하지만 코믹한 부분도 있어 재밌었음"
10,"배우분들 연기 노력 시즌1보다 지루함은 없었다..

하지만 첨부터 끝까지 잔인함과 폭력성이 너무 지나쳤다

마치 다만악에서 구하소서 작품이랑 흡사할정도다..

초반부터 범죄자역할 키작으신분 그분때문에 자꾸 몰입이 깨졌다는...

첨보는 연기자분인데..."
8,no review
9,.
9,"Zl존 깨알개그는 최고;;;;;ㅎ
매우 잔인한 장면이 많이 나오나  중간중간 웃긴장면 덕분에 잔인함을 금방 잊어버림! ㅠ 이미 영화관에서 두번봄~
마녀 한번 볼바에 범죄도시5번 본다"
10,좋아요!!!!
8,"염미정이
부디 이 영화를 보지 말기를?
구씨가
다시
두번째 적성
싱크대 만들기에 몰두하길?"
10,"왜 2위죠?? 진짜 재밋슴돠
전 한번 더볼 예정!!"
10,"범죄도시 3까지 기대해 볼만한 아주 잘만든 오락영화.
특히
마지막 도로씬은...정말 깜놀한
영화관에서 보시길 강추드립니다.
정말
사운드, 영상, 음악이 정말 최고입니다."
10,재밌다.
10,"나도 1편보다 잼있다에 한표.
손석구 박지환 하드캐리"
10,오랜만에 1천만관객가자 ~~  너무 재밋게봤습니다
10,시간 가는 줄 모르고 잘 보고 왔어요..진짜 재미 있네요!!
10,"너어무 재밌게 봤네요
우울했는데 낄낄대며 웃어서인지 우울함이 싸악ㅋ
꼭 보세용
1편보다 잼있어요"
10,코로나 이후에 제일 잼나게봤네요ㅎㅎ 잔인한 장면도 있지만 웃긴 대사로 싹다 묻힘ㅎ
10,그냥 보세요 개꿀잼 ??
9,전편보다 더 웃기고 재밌네 ㅋㅋ 근데 악역은 갠적으론 장첸승 ㅋㅋ
10,아니 웃긴게 영화도 안 봐놓고 평점을 주는 사람들은 뭐야
4,감독이 다르면 망하는디ㅜ 조감독출신의 입봉작을 흥행한 범죄도시 후속작으로 하다니ㅡㅡ 폭망각이누
10,제발 장첸......................특별 출연이라도........
9,윤계상제발섭외
1,한국영화를 극장에서 보는 사람들을 보면 이해가 안된다.
7,15세 관람가는 좀 그렇고..18세 이상 관람가도 좀 그렇고..17세이상 관람가였으면 했다.
10,몇 년 만에 현충일에 영화를 봤는데 재밌었어요. 완전 범죄 코믹 액션^^ 1편도 몰입해서 봤는데 2편은 더 재밌게 본 것 같네요. 특히 주고받는 대사들이 넘 웃겨서 많이 웃었고 간만에 스트레스도 풀어서 기분 좋은 휴일을 보냈어요. 물론 범죄 영화인 만큼 엄청 잔인했지만(입막고 눈감고 봤음ㅠㅠ) 그냥 영화로 보기 때문에 괜찮았어요. 범죄도시처럼 나중에 TV에서 해주면 여러 번 보게 될 것 같아요. 무료라면 영화관서 또 보고 싶음^^ 너무 웃겨서~
10,2시간이  넘 빨리 지나갔어요
10,평점 9점 넘어야 되는거 아님?
10,두번봤어요
7,나는1편이 더 잼지만 아주 못 볼 수준은 아니였다.
10,"역시 믿고 보는 마형님 영화
간만에 재밌게 잘 봤습니다.~~"
10,"마동석이 멋있고 영화가 재미있었습니다
감사합니다"
10,"재미있습니다. 영화 제작에 참여하신 분들 다들 고생 많으셨습니다. 
관객에게 즐거우면서도 좋은 영화를 보여주기 위한 영화인들의 노고가 느껴졌습니다.
감사합니다."
10,"정말 시원하게  잘 보고 왔습니다
너무 재밌게 봤어요~~
다음편도 기대하겠습니다~"
7,"코드가 다른가 봅니다.
전편이 90점이면 2편은 60점.
나름 열심히 만들기는 했지만 편집이 이상했는지 몰라도
스토리구성, 액션배분 등에서  균형감각이 깨진것 같다.
마배우는 당분간 이런 역을 자제하심이 어떨지.
전편은 수작이었으나 이번은 그저 그런 영화 한편....
다 보고 나니 악역의 칼질밖에 기억이 안남. 
별로 추천드리고 싶지 않음."
8,"그냥 볼만합니다만 1편보다는 못하네요.
그래도 동석이형님에 파워풀짱입니다"
10,"1편보다 재미는 없지만 
손석구 때문에 10점"
10,존11나 재미있다
8,언제봐도 통꽤하고 시원해서 좋습니다~~^^
8,별 잔인한것도 없는데  스토리가 조금 아쉽다
7,"마동석 액션 통쾌작렬, 손석구 마체태 액션은 넘 잔인해서 눈 귀 막고 봄ㅠ"
2,악역이 별루다.........장첸 반도 못따라가는........
10,나  마동슉 좋아하나봐..
10,"1편보다 더 재밌어요~~^^
장이수, 강해상 연기도 좋았고
누가 5야?ㅎㅎㅎㅎ"
5,장첸이 나오다니...
7,"오늘 보고왔는데 
1편에 이어서 2편도
마동타노스 였네요.
뭐랄까 너무 세니
반전도 없고, 결말도 뻔하고
3편을 예고하는 듯한
마무리였는뎨
글쎄요 ㅎㅎ
액션이 찰지고 시원한건
맘에 들었습니다.
뭐 돈아까울정돈 아니었어요."
10,"이걸보고  잔인하다니 
어이가 없다
영화는 잔인할수록 기억에 오래가고 재미가 있다
이걸잔인하다  하시는분은 그냥 드라마나 보시는거 좋지 싶습니다., ,
영화는 볼만함.."
6,1편 보다는 재미 없네요 아쉽네 3편은 안 볼래요
6,오늘 봤는데  손석구가   선한 이미지라  악역하곤  인맞는것 같아요.   스토리는  1편보다는 못한거같음
10,"3번을봐도 재밌네 
손석구 연기 진짜 잘해서 소름...대다나다  손석구배우"
5,역시 1편보다 잼나는건 없구나…
2,장첸 없는 영화가 과연?
10,손석구짱이네요~~
10,"장췐이 없는 범죄도시는 앙꼬없는 찐빵이다.

장췐은 감방갔으니 장췐의 god멤버 쭌이를 la에서온 깡패로 출연시키면 어떨까?

말 ♪♩ 많은 깡패~ 

쭌이의 오른팔에 la에서 온 또한명의 깡패박찬호를 섭외하자.

첨부터 끝까지 액션은 없고 말만하다 마동석한테 쳐맞고 잡히는 거다.

""괴물형사 '마석도' 돌아온다""..'범죄도시2' 제작 확정, 마동석X강윤성 감독 재회"
9,.
7,마석도 대한민국은 지킨다
1,1보고 기대해서 봤는데 재미없다.
10,평점타령하는 타영화 알바들은 그럼 이 영화가 미국 로튼토마토 평점도 최고인데 미국의 400명평론가들도 매수했냐 ㅋㅋㅋㅋㅋㅋㅋㅋㅋㅋㅋㅋㅋㅋㅋㅋㅋㅋㅋㅋㅋㅋㅋㅋㅋㅋㅋㅋㅋㅋㅋㅋㅋㅋㅋㅋㅋㅋㅋㅋㅋㅋㅋㅋㅋ
1,"마동석도 이제 53살인데 힘으로 몰아붙이는 역할로는 이제 좀 아닌가 싶다.

안봐도 내용이야 뻔하고. 

돈은 많이 벌겠지. 폼만 더럽게 잡는 이러한 조폭물은 언제까지 나올련지 ㅋㅋ"
3,"솔직히  7점 정도인데 평점조정위해 6점 남깁니다

1편에 비하면  진짜 반도 못 따라가요

그럭저럭 봐줄만한 영화"
1,"코로나 풀리고 오랜만에 극장에서 영화보니까 설레서 평점 준건지 알바들인지.
여전히 액션은 난폭하기만 하고 캐릭터 빌런만 급발진으로 개연성없이 극악무도하고 주인공은 개그를 쳐야하는데 개그는 못살리고ㅎ 제일 마지막 장면만 훈훈하고 재밌음 진짜 마지막 나오는 장면"
8,"근데 다음은 진짜 장애인 좌파조선족들이 많기는함
갑자기 영화 평가에 박근혜 이명박을 얘기하고 그게  또 좋아요가 많은것 보면 차이나 게이트나 드루킹이 생각이난다
솔직히말해서 문죄인 저능아보다는 이명박이 2억배정도는 나을듯"
1,성난황소가  100배 재밌음
